{
  "features": [
    {
      "geometry": {
        "coordinates": [
          53.8478,
          23.4241
        ],
        "type": "Point"
      },
      "id": "inc_062ef1501b00ed3d",
      "properties": {
        "confidence": 0.13999999999999999,
        "event_start": "2022-08-03T12:11:00",
        "event_type": "road_crash",
        "granularity": "country",
        "incident_id": "inc_062ef1501b00ed3d",
        "is_incident_location": false,
        "location_name": "United Arab Emirates — collection-country fallback; incident place unresolved",
        "method": "collection_country_fallback",
        "sentiment_count": 0,
        "source_count": 2,
        "status": "reported",
        "title": "Bangladeshi expat killed in UAE road crash",
        "uncertainty_radius_km": null
      },
      "type": "Feature"
    },
    {
      "geometry": {
        "coordinates": [
          53.8478,
          23.4241
        ],
        "type": "Point"
      },
      "id": "inc_f83c1620af1efef4",
      "properties": {
        "confidence": 0.12,
        "event_start": "2015-09-02T18:01:00",
        "event_type": "road_crash",
        "granularity": "country",
        "incident_id": "inc_f83c1620af1efef4",
        "is_incident_location": false,
        "location_name": "United Arab Emirates — collection-country fallback; incident place unresolved",
        "method": "collection_country_fallback",
        "sentiment_count": 0,
        "source_count": 1,
        "status": "reported",
        "title": "Road accident in United Arab Emirates kills three Bangladeshis, injures two more",
        "uncertainty_radius_km": null
      },
      "type": "Feature"
    },
    {
      "geometry": {
        "coordinates": [
          53.8478,
          23.4241
        ],
        "type": "Point"
      },
      "id": "inc_9065b0d85d42f54b",
      "properties": {
        "confidence": 0.12,
        "event_start": "2019-06-07T16:12:00",
        "event_type": "road_crash",
        "granularity": "country",
        "incident_id": "inc_9065b0d85d42f54b",
        "is_incident_location": false,
        "location_name": "United Arab Emirates — collection-country fallback; incident place unresolved",
        "method": "collection_country_fallback",
        "sentiment_count": 0,
        "source_count": 1,
        "status": "reported",
        "title": "Dubai bus crash kills 17, including 12 Indians",
        "uncertainty_radius_km": null
      },
      "type": "Feature"
    },
    {
      "geometry": {
        "coordinates": [
          53.8478,
          23.4241
        ],
        "type": "Point"
      },
      "id": "inc_a783aee6927c907b",
      "properties": {
        "confidence": 0.12,
        "event_start": "2026-06-08T09:36:00",
        "event_type": "road_crash",
        "granularity": "country",
        "incident_id": "inc_a783aee6927c907b",
        "is_incident_location": false,
        "location_name": "United Arab Emirates — collection-country fallback; incident place unresolved",
        "method": "collection_country_fallback",
        "sentiment_count": 0,
        "source_count": 1,
        "status": "reported",
        "title": "Dubai Road Accident: Several Indian Workers Killed After Minibus Collides With Truck On Emirates Road",
        "uncertainty_radius_km": null
      },
      "type": "Feature"
    },
    {
      "geometry": {
        "coordinates": [
          53.8478,
          23.4241
        ],
        "type": "Point"
      },
      "id": "inc_5d19907f030dfcf9",
      "properties": {
        "confidence": 0.12,
        "event_start": "2026-08-03T08:40:00",
        "event_type": "road_crash",
        "granularity": "country",
        "incident_id": "inc_5d19907f030dfcf9",
        "is_incident_location": false,
        "location_name": "United Arab Emirates — collection-country fallback; incident place unresolved",
        "method": "collection_country_fallback",
        "sentiment_count": 0,
        "source_count": 1,
        "status": "reported",
        "title": "Dubai Police visit road accident victims at Rashid Hospital in 'Relieving the Injured' drive",
        "uncertainty_radius_km": null
      },
      "type": "Feature"
    },
    {
      "geometry": {
        "coordinates": [
          53.8478,
          23.4241
        ],
        "type": "Point"
      },
      "id": "inc_27a90a2f84824673",
      "properties": {
        "confidence": 0.12,
        "event_start": "2025-09-25T11:37:00",
        "event_type": "road_crash",
        "granularity": "country",
        "incident_id": "inc_27a90a2f84824673",
        "is_incident_location": false,
        "location_name": "United Arab Emirates — collection-country fallback; incident place unresolved",
        "method": "collection_country_fallback",
        "sentiment_count": 0,
        "source_count": 1,
        "status": "reported",
        "title": "Motorcyclist injured in crash after truck breaks down on Sheikh Mohammed bin Zayed Road in Dubai",
        "uncertainty_radius_km": null
      },
      "type": "Feature"
    },
    {
      "geometry": {
        "coordinates": [
          53.8478,
          23.4241
        ],
        "type": "Point"
      },
      "id": "inc_416d875567f1def5",
      "properties": {
        "confidence": 0.12,
        "event_start": "2026-07-13T01:21:00",
        "event_type": "road_crash",
        "granularity": "country",
        "incident_id": "inc_416d875567f1def5",
        "is_incident_location": false,
        "location_name": "United Arab Emirates — collection-country fallback; incident place unresolved",
        "method": "collection_country_fallback",
        "sentiment_count": 0,
        "source_count": 1,
        "status": "reported",
        "title": "UAE morning traffic: Crashes cause delays on major roads in Sharjah, Dubai",
        "uncertainty_radius_km": null
      },
      "type": "Feature"
    },
    {
      "geometry": {
        "coordinates": [
          53.8478,
          23.4241
        ],
        "type": "Point"
      },
      "id": "inc_e96a5338f28a98f1",
      "properties": {
        "confidence": 0.12,
        "event_start": "2025-11-27T23:15:00",
        "event_type": "road_crash",
        "granularity": "country",
        "incident_id": "inc_e96a5338f28a98f1",
        "is_incident_location": false,
        "location_name": "United Arab Emirates — collection-country fallback; incident place unresolved",
        "method": "collection_country_fallback",
        "sentiment_count": 0,
        "source_count": 1,
        "status": "reported",
        "title": "UAE traffic alert: Accidents cause tailbacks on Dubai–Sharjah routes, avoid key roads",
        "uncertainty_radius_km": null
      },
      "type": "Feature"
    },
    {
      "geometry": {
        "coordinates": [
          53.8478,
          23.4241
        ],
        "type": "Point"
      },
      "id": "inc_8930d05a0049fff1",
      "properties": {
        "confidence": 0.12,
        "event_start": "2025-09-10T11:25:00",
        "event_type": "road_crash",
        "granularity": "country",
        "incident_id": "inc_8930d05a0049fff1",
        "is_incident_location": false,
        "location_name": "United Arab Emirates — collection-country fallback; incident place unresolved",
        "method": "collection_country_fallback",
        "sentiment_count": 0,
        "source_count": 1,
        "status": "reported",
        "title": "Dubai: Motorcyclist dies on Sheikh Zayed Road after crashing into truck",
        "uncertainty_radius_km": null
      },
      "type": "Feature"
    },
    {
      "geometry": {
        "coordinates": [
          -63.6167,
          -38.4161
        ],
        "type": "Point"
      },
      "id": "inc_f694c4cdfde54259",
      "properties": {
        "confidence": 0.16,
        "event_start": "2026-05-17T07:00:00",
        "event_type": "road_crash",
        "granularity": "country",
        "incident_id": "inc_f694c4cdfde54259",
        "is_incident_location": false,
        "location_name": "Argentina — collection-country fallback; incident place unresolved",
        "method": "collection_country_fallback",
        "sentiment_count": 0,
        "source_count": 3,
        "status": "reported",
        "title": "Murió una joven argentina en un accidente de tránsito en Australia",
        "uncertainty_radius_km": null
      },
      "type": "Feature"
    },
    {
      "geometry": {
        "coordinates": [
          -63.6167,
          -38.4161
        ],
        "type": "Point"
      },
      "id": "inc_9a635e8378264ac8",
      "properties": {
        "confidence": 0.12,
        "event_start": "2026-07-07T07:00:00",
        "event_type": "road_crash",
        "granularity": "country",
        "incident_id": "inc_9a635e8378264ac8",
        "is_incident_location": false,
        "location_name": "Argentina — collection-country fallback; incident place unresolved",
        "method": "collection_country_fallback",
        "sentiment_count": 0,
        "source_count": 1,
        "status": "reported",
        "title": "El insólito accidente de tránsito que marcó las celebraciones en Argentina: atención al registro",
        "uncertainty_radius_km": null
      },
      "type": "Feature"
    },
    {
      "geometry": {
        "coordinates": [
          -63.6167,
          -38.4161
        ],
        "type": "Point"
      },
      "id": "inc_b0675bd8baf673ff",
      "properties": {
        "confidence": 0.12,
        "event_start": "2026-07-26T07:00:00",
        "event_type": "road_crash",
        "granularity": "country",
        "incident_id": "inc_b0675bd8baf673ff",
        "is_incident_location": false,
        "location_name": "Argentina — collection-country fallback; incident place unresolved",
        "method": "collection_country_fallback",
        "sentiment_count": 0,
        "source_count": 1,
        "status": "reported",
        "title": "Un herido tras un choque en la autopista a Córdoba que complicó el tránsito",
        "uncertainty_radius_km": null
      },
      "type": "Feature"
    },
    {
      "geometry": {
        "coordinates": [
          -63.6167,
          -38.4161
        ],
        "type": "Point"
      },
      "id": "inc_5a93308a50e97311",
      "properties": {
        "confidence": 0.12,
        "event_start": "2026-05-21T07:00:00",
        "event_type": "road_crash",
        "granularity": "country",
        "incident_id": "inc_5a93308a50e97311",
        "is_incident_location": false,
        "location_name": "Argentina — collection-country fallback; incident place unresolved",
        "method": "collection_country_fallback",
        "sentiment_count": 0,
        "source_count": 1,
        "status": "reported",
        "title": "Accidente de tránsito en Punta del Este, hay heridos",
        "uncertainty_radius_km": null
      },
      "type": "Feature"
    },
    {
      "geometry": {
        "coordinates": [
          -63.6167,
          -38.4161
        ],
        "type": "Point"
      },
      "id": "inc_2e40b64f77dba026",
      "properties": {
        "confidence": 0.12,
        "event_start": "2026-07-07T07:00:00",
        "event_type": "road_crash",
        "granularity": "country",
        "incident_id": "inc_2e40b64f77dba026",
        "is_incident_location": false,
        "location_name": "Argentina — collection-country fallback; incident place unresolved",
        "method": "collection_country_fallback",
        "sentiment_count": 0,
        "source_count": 1,
        "status": "reported",
        "title": "Quién es Chatterbox, el youtuber argentino de 27 años que murió en un accidente de tránsito en la Ruta 5",
        "uncertainty_radius_km": null
      },
      "type": "Feature"
    },
    {
      "geometry": {
        "coordinates": [
          -63.6167,
          -38.4161
        ],
        "type": "Point"
      },
      "id": "inc_af8e2b35113d2d90",
      "properties": {
        "confidence": 0.12,
        "event_start": "2026-06-08T07:00:00",
        "event_type": "road_crash",
        "granularity": "country",
        "incident_id": "inc_af8e2b35113d2d90",
        "is_incident_location": false,
        "location_name": "Argentina — collection-country fallback; incident place unresolved",
        "method": "collection_country_fallback",
        "sentiment_count": 0,
        "source_count": 1,
        "status": "reported",
        "title": "Cuatro muertos por un choque múltiple en la Ruta Nacional 12",
        "uncertainty_radius_km": null
      },
      "type": "Feature"
    },
    {
      "geometry": {
        "coordinates": [
          -63.6167,
          -38.4161
        ],
        "type": "Point"
      },
      "id": "inc_84be69cf62989f6b",
      "properties": {
        "confidence": 0.12,
        "event_start": "2026-06-23T07:00:00",
        "event_type": "road_crash",
        "granularity": "country",
        "incident_id": "inc_84be69cf62989f6b",
        "is_incident_location": false,
        "location_name": "Argentina — collection-country fallback; incident place unresolved",
        "method": "collection_country_fallback",
        "sentiment_count": 0,
        "source_count": 1,
        "status": "reported",
        "title": "Tragedia en Mar del Plata: cuál es la principal hipótesis del siniestro vial y cómo evolucionan los heridos",
        "uncertainty_radius_km": null
      },
      "type": "Feature"
    },
    {
      "geometry": {
        "coordinates": [
          -63.6167,
          -38.4161
        ],
        "type": "Point"
      },
      "id": "inc_870dd3fcef6f0222",
      "properties": {
        "confidence": 0.12,
        "event_start": "2026-07-24T07:00:00",
        "event_type": "road_crash",
        "granularity": "country",
        "incident_id": "inc_870dd3fcef6f0222",
        "is_incident_location": false,
        "location_name": "Argentina — collection-country fallback; incident place unresolved",
        "method": "collection_country_fallback",
        "sentiment_count": 0,
        "source_count": 1,
        "status": "reported",
        "title": "Grave siniestro vial en la zona Sur: un motociclista herido de gravedad tras un choque",
        "uncertainty_radius_km": null
      },
      "type": "Feature"
    },
    {
      "geometry": {
        "coordinates": [
          133.7751,
          -25.2744
        ],
        "type": "Point"
      },
      "id": "inc_2965afff8f4952eb",
      "properties": {
        "confidence": 0.12,
        "event_start": "2026-08-03T20:48:00",
        "event_type": "road_crash",
        "granularity": "country",
        "incident_id": "inc_2965afff8f4952eb",
        "is_incident_location": false,
        "location_name": "Australia — collection-country fallback; incident place unresolved",
        "method": "collection_country_fallback",
        "sentiment_count": 0,
        "source_count": 1,
        "status": "reported",
        "title": "Brisbane bus crash footage: Car becomes airborne before smashing into bus in dramatic new CCTV",
        "uncertainty_radius_km": null
      },
      "type": "Feature"
    },
    {
      "geometry": {
        "coordinates": [
          133.7751,
          -25.2744
        ],
        "type": "Point"
      },
      "id": "inc_ccfe15e5ac99e2e3",
      "properties": {
        "confidence": 0.12,
        "event_start": "2026-08-02T05:50:00",
        "event_type": "road_crash",
        "granularity": "country",
        "incident_id": "inc_ccfe15e5ac99e2e3",
        "is_incident_location": false,
        "location_name": "Australia — collection-country fallback; incident place unresolved",
        "method": "collection_country_fallback",
        "sentiment_count": 0,
        "source_count": 1,
        "status": "reported",
        "title": "Terrifying Footage Captures the Moment a Car Went Airborne and Crashed Into a Bus",
        "uncertainty_radius_km": null
      },
      "type": "Feature"
    },
    {
      "geometry": {
        "coordinates": [
          151.124922,
          -33.78725
        ],
        "type": "Point"
      },
      "id": "inc_546059e288b2b4be",
      "properties": {
        "confidence": 0.75,
        "event_start": "2025-12-28T19:19:00",
        "event_type": "road_crash",
        "granularity": "road_segment",
        "incident_id": "inc_546059e288b2b4be",
        "is_incident_location": true,
        "location_name": "Lane Cove Road, North Ryde, New South Wales",
        "method": "source_named_offline_gazetteer_centroid",
        "sentiment_count": 0,
        "source_count": 1,
        "status": "reported",
        "title": "Nine injured in northern Sydney as public bus crashes into medical centre at Ryde",
        "uncertainty_radius_km": 1.0
      },
      "type": "Feature"
    },
    {
      "geometry": {
        "coordinates": [
          133.7751,
          -25.2744
        ],
        "type": "Point"
      },
      "id": "inc_a6c027192d21d009",
      "properties": {
        "confidence": 0.12,
        "event_start": "2025-09-21T01:54:00",
        "event_type": "road_crash",
        "granularity": "country",
        "incident_id": "inc_a6c027192d21d009",
        "is_incident_location": false,
        "location_name": "Australia — collection-country fallback; incident place unresolved",
        "method": "collection_country_fallback",
        "sentiment_count": 0,
        "source_count": 1,
        "status": "reported",
        "title": "Horror crash between bus and car on Sydney’s M2 motorway leaves four in serious condition",
        "uncertainty_radius_km": null
      },
      "type": "Feature"
    },
    {
      "geometry": {
        "coordinates": [
          133.7751,
          -25.2744
        ],
        "type": "Point"
      },
      "id": "inc_1a478347561cb5c8",
      "properties": {
        "confidence": 0.12,
        "event_start": "2026-08-03T22:01:00",
        "event_type": "road_crash",
        "granularity": "country",
        "incident_id": "inc_1a478347561cb5c8",
        "is_incident_location": false,
        "location_name": "Australia — collection-country fallback; incident place unresolved",
        "method": "collection_country_fallback",
        "sentiment_count": 0,
        "source_count": 1,
        "status": "reported",
        "title": "Three elderly people hospitalised after two-vehicle head-on crash on Sydney Harbour Bridge",
        "uncertainty_radius_km": null
      },
      "type": "Feature"
    },
    {
      "geometry": {
        "coordinates": [
          133.7751,
          -25.2744
        ],
        "type": "Point"
      },
      "id": "inc_cfe1a68f98c663a7",
      "properties": {
        "confidence": 0.12,
        "event_start": "2026-05-22T18:07:00",
        "event_type": "road_crash",
        "granularity": "country",
        "incident_id": "inc_cfe1a68f98c663a7",
        "is_incident_location": false,
        "location_name": "Australia — collection-country fallback; incident place unresolved",
        "method": "collection_country_fallback",
        "sentiment_count": 0,
        "source_count": 1,
        "status": "reported",
        "title": "Police investigate triple fatal road crash in Sans Souci, southern Sydney",
        "uncertainty_radius_km": null
      },
      "type": "Feature"
    },
    {
      "geometry": {
        "coordinates": [
          133.7751,
          -25.2744
        ],
        "type": "Point"
      },
      "id": "inc_7cb0d0d5ce4e2758",
      "properties": {
        "confidence": 0.12,
        "event_start": "2026-06-02T18:00:00",
        "event_type": "road_crash",
        "granularity": "country",
        "incident_id": "inc_7cb0d0d5ce4e2758",
        "is_incident_location": false,
        "location_name": "Australia — collection-country fallback; incident place unresolved",
        "method": "collection_country_fallback",
        "sentiment_count": 0,
        "source_count": 1,
        "status": "reported",
        "title": "Police allege corporate boss refused blood alcohol tests after Sydney car crash",
        "uncertainty_radius_km": null
      },
      "type": "Feature"
    },
    {
      "geometry": {
        "coordinates": [
          133.7751,
          -25.2744
        ],
        "type": "Point"
      },
      "id": "inc_ab4942f69d73a6ce",
      "properties": {
        "confidence": 0.12,
        "event_start": "2019-06-16T22:34:00",
        "event_type": "road_crash",
        "granularity": "country",
        "incident_id": "inc_ab4942f69d73a6ce",
        "is_incident_location": false,
        "location_name": "Australia — collection-country fallback; incident place unresolved",
        "method": "collection_country_fallback",
        "sentiment_count": 0,
        "source_count": 1,
        "status": "reported",
        "title": "Horrific footage shows motorcyclist flying through air after head-on crash",
        "uncertainty_radius_km": null
      },
      "type": "Feature"
    },
    {
      "geometry": {
        "coordinates": [
          133.7751,
          -25.2744
        ],
        "type": "Point"
      },
      "id": "inc_1342be4c53494948",
      "properties": {
        "confidence": 0.12,
        "event_start": "2026-05-27T08:30:00",
        "event_type": "road_crash",
        "granularity": "country",
        "incident_id": "inc_1342be4c53494948",
        "is_incident_location": false,
        "location_name": "Australia — collection-country fallback; incident place unresolved",
        "method": "collection_country_fallback",
        "sentiment_count": 0,
        "source_count": 1,
        "status": "reported",
        "title": "Woman, 21, described as 'perfect in every way' after Australia crash death",
        "uncertainty_radius_km": null
      },
      "type": "Feature"
    },
    {
      "geometry": {
        "coordinates": [
          133.7751,
          -25.2744
        ],
        "type": "Point"
      },
      "id": "inc_d481809789c89200",
      "properties": {
        "confidence": 0.12,
        "event_start": "2017-06-27T10:42:00",
        "event_type": "road_crash",
        "granularity": "country",
        "incident_id": "inc_d481809789c89200",
        "is_incident_location": false,
        "location_name": "Australia — collection-country fallback; incident place unresolved",
        "method": "collection_country_fallback",
        "sentiment_count": 0,
        "source_count": 1,
        "status": "reported",
        "title": "Bangladeshi student dies in Australia car accident",
        "uncertainty_radius_km": null
      },
      "type": "Feature"
    },
    {
      "geometry": {
        "coordinates": [
          4.4699,
          50.5039
        ],
        "type": "Point"
      },
      "id": "inc_d4ea76e29936da29",
      "properties": {
        "confidence": 0.13999999999999999,
        "event_start": "2026-05-26T07:00:00",
        "event_type": "road_crash",
        "granularity": "country",
        "incident_id": "inc_d4ea76e29936da29",
        "is_incident_location": false,
        "location_name": "Belgium — collection-country fallback; incident place unresolved",
        "method": "collection_country_fallback",
        "sentiment_count": 0,
        "source_count": 2,
        "status": "reported",
        "title": "Meerdere doden na botsing schoolbus en trein in Buggenhout: dit weten we al",
        "uncertainty_radius_km": null
      },
      "type": "Feature"
    },
    {
      "geometry": {
        "coordinates": [
          4.4699,
          50.5039
        ],
        "type": "Point"
      },
      "id": "inc_a3dc55b133f12b67",
      "properties": {
        "confidence": 0.12,
        "event_start": "2026-06-01T07:00:00",
        "event_type": "road_crash",
        "granularity": "country",
        "incident_id": "inc_a3dc55b133f12b67",
        "is_incident_location": false,
        "location_name": "Belgium — collection-country fallback; incident place unresolved",
        "method": "collection_country_fallback",
        "sentiment_count": 0,
        "source_count": 1,
        "status": "reported",
        "title": "Provinciebestuur vroeg al voor het dodelijk ongeval in Buggenhout om chauffeur van de rit te halen",
        "uncertainty_radius_km": null
      },
      "type": "Feature"
    },
    {
      "geometry": {
        "coordinates": [
          4.4699,
          50.5039
        ],
        "type": "Point"
      },
      "id": "inc_001f628dbd42fb7a",
      "properties": {
        "confidence": 0.12,
        "event_start": "2026-06-01T07:00:00",
        "event_type": "road_crash",
        "granularity": "country",
        "incident_id": "inc_001f628dbd42fb7a",
        "is_incident_location": false,
        "location_name": "Belgium — collection-country fallback; incident place unresolved",
        "method": "collection_country_fallback",
        "sentiment_count": 0,
        "source_count": 1,
        "status": "reported",
        "title": "Al eerder klachten over rijgedrag chauffeur van Belgische schoolbus die in botsing kwam met trein: 'Gsm-gebruik en over spoorweg rijden bij dalende slagbomen'",
        "uncertainty_radius_km": null
      },
      "type": "Feature"
    },
    {
      "geometry": {
        "coordinates": [
          4.4699,
          50.5039
        ],
        "type": "Point"
      },
      "id": "inc_9fbf221b8da43847",
      "properties": {
        "confidence": 0.12,
        "event_start": "2026-05-26T07:00:00",
        "event_type": "road_crash",
        "granularity": "country",
        "incident_id": "inc_9fbf221b8da43847",
        "is_incident_location": false,
        "location_name": "Belgium — collection-country fallback; incident place unresolved",
        "method": "collection_country_fallback",
        "sentiment_count": 0,
        "source_count": 1,
        "status": "reported",
        "title": "Na dodelijke crash met trein kwam schoolbus op de oprit van Paul terecht: “Wat er met die vier mensen is gebeurd, is niet te vatten”",
        "uncertainty_radius_km": null
      },
      "type": "Feature"
    },
    {
      "geometry": {
        "coordinates": [
          4.4699,
          50.5039
        ],
        "type": "Point"
      },
      "id": "inc_e1fc701fb0b09cff",
      "properties": {
        "confidence": 0.12,
        "event_start": "2024-06-05T07:00:00",
        "event_type": "road_crash",
        "granularity": "country",
        "incident_id": "inc_e1fc701fb0b09cff",
        "is_incident_location": false,
        "location_name": "Belgium — collection-country fallback; incident place unresolved",
        "method": "collection_country_fallback",
        "sentiment_count": 0,
        "source_count": 1,
        "status": "reported",
        "title": "Brusselse ring weer vrij na dodelijk ongeval, trucker (54) overleeft crash tegen vangrail niet",
        "uncertainty_radius_km": null
      },
      "type": "Feature"
    },
    {
      "geometry": {
        "coordinates": [
          4.4699,
          50.5039
        ],
        "type": "Point"
      },
      "id": "inc_d1a6d04807f0ddce",
      "properties": {
        "confidence": 0.12,
        "event_start": "2026-05-26T07:00:00",
        "event_type": "road_crash",
        "granularity": "country",
        "incident_id": "inc_d1a6d04807f0ddce",
        "is_incident_location": false,
        "location_name": "Belgium — collection-country fallback; incident place unresolved",
        "method": "collection_country_fallback",
        "sentiment_count": 0,
        "source_count": 1,
        "status": "reported",
        "title": "Negen inzittenden in busje, gesloten overweg en trein die nog probeerde te remmen: dit weten we over het dodelijke ongeval in Buggenhout",
        "uncertainty_radius_km": null
      },
      "type": "Feature"
    },
    {
      "geometry": {
        "coordinates": [
          4.4699,
          50.5039
        ],
        "type": "Point"
      },
      "id": "inc_4e40d827647e05de",
      "properties": {
        "confidence": 0.12,
        "event_start": "2026-05-29T07:00:00",
        "event_type": "road_crash",
        "granularity": "country",
        "incident_id": "inc_4e40d827647e05de",
        "is_incident_location": false,
        "location_name": "Belgium — collection-country fallback; incident place unresolved",
        "method": "collection_country_fallback",
        "sentiment_count": 0,
        "source_count": 1,
        "status": "reported",
        "title": "“We hebben geen ziel meer”: papa, mama en zusje van overleden Arthur (12) in zak en as na ongeval Buggenhout",
        "uncertainty_radius_km": null
      },
      "type": "Feature"
    },
    {
      "geometry": {
        "coordinates": [
          4.4699,
          50.5039
        ],
        "type": "Point"
      },
      "id": "inc_856153f13a430f01",
      "properties": {
        "confidence": 0.12,
        "event_start": "2026-06-01T07:00:00",
        "event_type": "road_crash",
        "granularity": "country",
        "incident_id": "inc_856153f13a430f01",
        "is_incident_location": false,
        "location_name": "Belgium — collection-country fallback; incident place unresolved",
        "method": "collection_country_fallback",
        "sentiment_count": 0,
        "source_count": 1,
        "status": "reported",
        "title": "“We hebben meermaals gevraagd om de buschauffeur van die rit te halen”: provinciebestuur trok nog voor het dramatische ongeval aan de alarmbel",
        "uncertainty_radius_km": null
      },
      "type": "Feature"
    },
    {
      "geometry": {
        "coordinates": [
          4.4699,
          50.5039
        ],
        "type": "Point"
      },
      "id": "inc_acbe29df74ecac01",
      "properties": {
        "confidence": 0.12,
        "event_start": "2026-06-18T07:00:00",
        "event_type": "road_crash",
        "granularity": "country",
        "incident_id": "inc_acbe29df74ecac01",
        "is_incident_location": false,
        "location_name": "Belgium — collection-country fallback; incident place unresolved",
        "method": "collection_country_fallback",
        "sentiment_count": 0,
        "source_count": 1,
        "status": "reported",
        "title": "A12 ter hoogte van Boom volledig afgesloten richting Brussel na ongeval",
        "uncertainty_radius_km": null
      },
      "type": "Feature"
    },
    {
      "geometry": {
        "coordinates": [
          90.3563,
          23.685
        ],
        "type": "Point"
      },
      "id": "inc_c1b4b4da11cfc4df",
      "properties": {
        "confidence": 0.13999999999999999,
        "event_start": "2025-07-20T04:53:00",
        "event_type": "road_crash",
        "granularity": "country",
        "incident_id": "inc_c1b4b4da11cfc4df",
        "is_incident_location": false,
        "location_name": "Bangladesh — collection-country fallback; incident place unresolved",
        "method": "collection_country_fallback",
        "sentiment_count": 0,
        "source_count": 2,
        "status": "reported",
        "title": "Bangladesh’s most expensive car crash: Rolls-Royce smashes into a divider",
        "uncertainty_radius_km": null
      },
      "type": "Feature"
    },
    {
      "geometry": {
        "coordinates": [
          91.7417,
          24.7063
        ],
        "type": "Point"
      },
      "id": "inc_b0eae1856641ab8d",
      "properties": {
        "confidence": 0.8800000000000001,
        "event_start": "2026-08-07T08:02:00",
        "event_type": "road_crash",
        "granularity": "area",
        "incident_id": "inc_b0eae1856641ab8d",
        "is_incident_location": true,
        "location_name": "Kashikapan, Osmaninagar, Sylhet",
        "method": "source_named_offline_gazetteer_centroid",
        "sentiment_count": 0,
        "source_count": 4,
        "status": "reported",
        "title": "Passenger-bus collision in Osmaninagar, Sylhet",
        "uncertainty_radius_km": 3.0
      },
      "type": "Feature"
    },
    {
      "geometry": {
        "coordinates": [
          90.3563,
          23.685
        ],
        "type": "Point"
      },
      "id": "inc_c91f20fa9d8117dd",
      "properties": {
        "confidence": 0.12,
        "event_start": "2026-07-31T05:12:00",
        "event_type": "road_crash",
        "granularity": "country",
        "incident_id": "inc_c91f20fa9d8117dd",
        "is_incident_location": false,
        "location_name": "Bangladesh — collection-country fallback; incident place unresolved",
        "method": "collection_country_fallback",
        "sentiment_count": 0,
        "source_count": 1,
        "status": "reported",
        "title": "Two tourists killed as motorcycle plunges into ditch in Bandarban",
        "uncertainty_radius_km": null
      },
      "type": "Feature"
    },
    {
      "geometry": {
        "coordinates": [
          89.3773,
          24.8465
        ],
        "type": "Point"
      },
      "id": "inc_fe05c9db5620d056",
      "properties": {
        "confidence": 0.55,
        "event_start": "2026-08-07T18:31:00",
        "event_type": "road_crash",
        "granularity": "district",
        "incident_id": "inc_fe05c9db5620d056",
        "is_incident_location": true,
        "location_name": "Bogura District, Bangladesh",
        "method": "source_named_offline_gazetteer_centroid",
        "sentiment_count": 0,
        "source_count": 1,
        "status": "reported",
        "title": "Bus crash involving labourers in Sherpur, Bogura",
        "uncertainty_radius_km": 35.0
      },
      "type": "Feature"
    },
    {
      "geometry": {
        "coordinates": [
          90.3563,
          23.685
        ],
        "type": "Point"
      },
      "id": "inc_a614ce723112d701",
      "properties": {
        "confidence": 0.12,
        "event_start": "2026-03-25T13:33:00",
        "event_type": "road_crash",
        "granularity": "country",
        "incident_id": "inc_a614ce723112d701",
        "is_incident_location": false,
        "location_name": "Bangladesh — collection-country fallback; incident place unresolved",
        "method": "collection_country_fallback",
        "sentiment_count": 0,
        "source_count": 1,
        "status": "reported",
        "title": "Bangladesh bus crashes into river as 16 killed with frantic search for survivors",
        "uncertainty_radius_km": null
      },
      "type": "Feature"
    },
    {
      "geometry": {
        "coordinates": [
          91.7417,
          24.7063
        ],
        "type": "Point"
      },
      "id": "inc_0dfd640a2f72df0c",
      "properties": {
        "confidence": 0.68,
        "event_start": "2026-08-10T11:55:00",
        "event_type": "road_crash",
        "granularity": "area",
        "incident_id": "inc_0dfd640a2f72df0c",
        "is_incident_location": true,
        "location_name": "Kashikapan, Osmaninagar, Sylhet",
        "method": "source_named_offline_gazetteer_centroid",
        "sentiment_count": 0,
        "source_count": 1,
        "status": "reported",
        "title": "Passenger-bus collision in Osmaninagar, Sylhet",
        "uncertainty_radius_km": 3.0
      },
      "type": "Feature"
    },
    {
      "geometry": {
        "coordinates": [
          -51.9253,
          -14.235
        ],
        "type": "Point"
      },
      "id": "inc_7f5a385c571d19e6",
      "properties": {
        "confidence": 0.18,
        "event_start": "2026-06-22T07:00:00",
        "event_type": "road_crash",
        "granularity": "country",
        "incident_id": "inc_7f5a385c571d19e6",
        "is_incident_location": false,
        "location_name": "Brazil — collection-country fallback; incident place unresolved",
        "method": "collection_country_fallback",
        "sentiment_count": 0,
        "source_count": 4,
        "status": "reported",
        "title": "Papa Leão XIV homenageia jovens mortos em acidente de ônibus em Tauá (CE)",
        "uncertainty_radius_km": null
      },
      "type": "Feature"
    },
    {
      "geometry": {
        "coordinates": [
          -51.9253,
          -14.235
        ],
        "type": "Point"
      },
      "id": "inc_fd2b767fbab11c57",
      "properties": {
        "confidence": 0.12,
        "event_start": "2026-07-01T07:00:00",
        "event_type": "road_crash",
        "granularity": "country",
        "incident_id": "inc_fd2b767fbab11c57",
        "is_incident_location": false,
        "location_name": "Brazil — collection-country fallback; incident place unresolved",
        "method": "collection_country_fallback",
        "sentiment_count": 0,
        "source_count": 1,
        "status": "reported",
        "title": "Acidente de ônibus na Espanha deixa ao menos 44 feridos",
        "uncertainty_radius_km": null
      },
      "type": "Feature"
    },
    {
      "geometry": {
        "coordinates": [
          -51.9253,
          -14.235
        ],
        "type": "Point"
      },
      "id": "inc_a6e482a35e19252c",
      "properties": {
        "confidence": 0.13999999999999999,
        "event_start": "2026-06-15T07:00:00",
        "event_type": "road_crash",
        "granularity": "country",
        "incident_id": "inc_a6e482a35e19252c",
        "is_incident_location": false,
        "location_name": "Brazil — collection-country fallback; incident place unresolved",
        "method": "collection_country_fallback",
        "sentiment_count": 0,
        "source_count": 2,
        "status": "reported",
        "title": "Sete membros de time de basquete morrem em acidente de ônibus no Ceará; dezenas ficam feridos",
        "uncertainty_radius_km": null
      },
      "type": "Feature"
    },
    {
      "geometry": {
        "coordinates": [
          -51.9253,
          -14.235
        ],
        "type": "Point"
      },
      "id": "inc_d1d35b10bcab7cc9",
      "properties": {
        "confidence": 0.12,
        "event_start": "2026-06-16T07:00:00",
        "event_type": "road_crash",
        "granularity": "country",
        "incident_id": "inc_d1d35b10bcab7cc9",
        "is_incident_location": false,
        "location_name": "Brazil — collection-country fallback; incident place unresolved",
        "method": "collection_country_fallback",
        "sentiment_count": 0,
        "source_count": 1,
        "status": "reported",
        "title": "Jovens atletas de basquete têm velório coletivo após acidente de ônibus no Ceará: ‘Consternação’",
        "uncertainty_radius_km": null
      },
      "type": "Feature"
    },
    {
      "geometry": {
        "coordinates": [
          -51.9253,
          -14.235
        ],
        "type": "Point"
      },
      "id": "inc_33511b970f89d3cb",
      "properties": {
        "confidence": 0.12,
        "event_start": "2026-06-27T07:00:00",
        "event_type": "road_crash",
        "granularity": "country",
        "incident_id": "inc_33511b970f89d3cb",
        "is_incident_location": false,
        "location_name": "Brazil — collection-country fallback; incident place unresolved",
        "method": "collection_country_fallback",
        "sentiment_count": 0,
        "source_count": 1,
        "status": "reported",
        "title": "Homem de 30 anos é morto a tiros após acidente de trânsito em Caraguatatuba",
        "uncertainty_radius_km": null
      },
      "type": "Feature"
    },
    {
      "geometry": {
        "coordinates": [
          -51.9253,
          -14.235
        ],
        "type": "Point"
      },
      "id": "inc_14bd6e8f968ed3bf",
      "properties": {
        "confidence": 0.12,
        "event_start": "2026-07-16T07:00:00",
        "event_type": "road_crash",
        "granularity": "country",
        "incident_id": "inc_14bd6e8f968ed3bf",
        "is_incident_location": false,
        "location_name": "Brazil — collection-country fallback; incident place unresolved",
        "method": "collection_country_fallback",
        "sentiment_count": 0,
        "source_count": 1,
        "status": "reported",
        "title": "Sobe para quatro o número de mortos em acidente de ônibus no oeste de Santa Catarina",
        "uncertainty_radius_km": null
      },
      "type": "Feature"
    },
    {
      "geometry": {
        "coordinates": [
          -106.3468,
          56.1304
        ],
        "type": "Point"
      },
      "id": "inc_60b3256e7667be07",
      "properties": {
        "confidence": 0.13999999999999999,
        "event_start": "2026-06-03T07:00:00",
        "event_type": "road_crash",
        "granularity": "country",
        "incident_id": "inc_60b3256e7667be07",
        "is_incident_location": false,
        "location_name": "Canada — collection-country fallback; incident place unresolved",
        "method": "collection_country_fallback",
        "sentiment_count": 0,
        "source_count": 2,
        "status": "reported",
        "title": "Winnipeg man dies in highway crash in northern Ontario",
        "uncertainty_radius_km": null
      },
      "type": "Feature"
    },
    {
      "geometry": {
        "coordinates": [
          -106.3468,
          56.1304
        ],
        "type": "Point"
      },
      "id": "inc_2823ed940c3cf1a2",
      "properties": {
        "confidence": 0.12,
        "event_start": "2026-08-05T10:34:36",
        "event_type": "road_crash",
        "granularity": "country",
        "incident_id": "inc_2823ed940c3cf1a2",
        "is_incident_location": false,
        "location_name": "Canada — collection-country fallback; incident place unresolved",
        "method": "collection_country_fallback",
        "sentiment_count": 0,
        "source_count": 1,
        "status": "reported",
        "title": "2 teens dead, 1 in hospital after high-speed crash in Laval",
        "uncertainty_radius_km": null
      },
      "type": "Feature"
    },
    {
      "geometry": {
        "coordinates": [
          -106.3468,
          56.1304
        ],
        "type": "Point"
      },
      "id": "inc_4985f60f241b1138",
      "properties": {
        "confidence": 0.12,
        "event_start": "2026-07-17T07:00:00",
        "event_type": "road_crash",
        "granularity": "country",
        "incident_id": "inc_4985f60f241b1138",
        "is_incident_location": false,
        "location_name": "Canada — collection-country fallback; incident place unresolved",
        "method": "collection_country_fallback",
        "sentiment_count": 0,
        "source_count": 1,
        "status": "reported",
        "title": "3 dead in car collision near Mont-Tremblant",
        "uncertainty_radius_km": null
      },
      "type": "Feature"
    },
    {
      "geometry": {
        "coordinates": [
          -106.3468,
          56.1304
        ],
        "type": "Point"
      },
      "id": "inc_c78d68ba4e8eb7e6",
      "properties": {
        "confidence": 0.12,
        "event_start": "2026-08-11T11:05:19",
        "event_type": "road_crash",
        "granularity": "country",
        "incident_id": "inc_c78d68ba4e8eb7e6",
        "is_incident_location": false,
        "location_name": "Canada — collection-country fallback; incident place unresolved",
        "method": "collection_country_fallback",
        "sentiment_count": 0,
        "source_count": 1,
        "status": "reported",
        "title": "'Important intersection ahead': RCMP investigations begin into Alberta triple fatal highway crash near Edmonton",
        "uncertainty_radius_km": null
      },
      "type": "Feature"
    },
    {
      "geometry": {
        "coordinates": [
          -106.3468,
          56.1304
        ],
        "type": "Point"
      },
      "id": "inc_ead1e65e35630fa1",
      "properties": {
        "confidence": 0.12,
        "event_start": "2026-06-19T07:00:00",
        "event_type": "road_crash",
        "granularity": "country",
        "incident_id": "inc_ead1e65e35630fa1",
        "is_incident_location": false,
        "location_name": "Canada — collection-country fallback; incident place unresolved",
        "method": "collection_country_fallback",
        "sentiment_count": 0,
        "source_count": 1,
        "status": "reported",
        "title": "Family prepares to bury 5 children killed in devastating Ontario crash",
        "uncertainty_radius_km": null
      },
      "type": "Feature"
    },
    {
      "geometry": {
        "coordinates": [
          -106.3468,
          56.1304
        ],
        "type": "Point"
      },
      "id": "inc_3d5d2dd01343c23b",
      "properties": {
        "confidence": 0.12,
        "event_start": "2026-07-19T20:35:43",
        "event_type": "road_crash",
        "granularity": "country",
        "incident_id": "inc_3d5d2dd01343c23b",
        "is_incident_location": false,
        "location_name": "Canada — collection-country fallback; incident place unresolved",
        "method": "collection_country_fallback",
        "sentiment_count": 0,
        "source_count": 1,
        "status": "reported",
        "title": "Saskatchewan Roughrider linebacker Jayden Dalke dead after car crash",
        "uncertainty_radius_km": null
      },
      "type": "Feature"
    },
    {
      "geometry": {
        "coordinates": [
          -106.3468,
          56.1304
        ],
        "type": "Point"
      },
      "id": "inc_be9d59ccd8bc33d1",
      "properties": {
        "confidence": 0.12,
        "event_start": "2026-06-22T07:00:00",
        "event_type": "road_crash",
        "granularity": "country",
        "incident_id": "inc_be9d59ccd8bc33d1",
        "is_incident_location": false,
        "location_name": "Canada — collection-country fallback; incident place unresolved",
        "method": "collection_country_fallback",
        "sentiment_count": 0,
        "source_count": 1,
        "status": "reported",
        "title": "One killed in fatal south Nanaimo highway crash",
        "uncertainty_radius_km": null
      },
      "type": "Feature"
    },
    {
      "geometry": {
        "coordinates": [
          -106.3468,
          56.1304
        ],
        "type": "Point"
      },
      "id": "inc_7775d2fd2f978bac",
      "properties": {
        "confidence": 0.12,
        "event_start": "2026-06-03T07:00:00",
        "event_type": "road_crash",
        "granularity": "country",
        "incident_id": "inc_7775d2fd2f978bac",
        "is_incident_location": false,
        "location_name": "Canada — collection-country fallback; incident place unresolved",
        "method": "collection_country_fallback",
        "sentiment_count": 0,
        "source_count": 1,
        "status": "reported",
        "title": "CORRECTION: 32-year-old killed in Kenora-area highway crash",
        "uncertainty_radius_km": null
      },
      "type": "Feature"
    },
    {
      "geometry": {
        "coordinates": [
          -106.3468,
          56.1304
        ],
        "type": "Point"
      },
      "id": "inc_1736ded0ab438f0a",
      "properties": {
        "confidence": 0.12,
        "event_start": "2026-08-08T04:50:25",
        "event_type": "road_crash",
        "granularity": "country",
        "incident_id": "inc_1736ded0ab438f0a",
        "is_incident_location": false,
        "location_name": "Canada — collection-country fallback; incident place unresolved",
        "method": "collection_country_fallback",
        "sentiment_count": 0,
        "source_count": 1,
        "status": "reported",
        "title": "Canada: Punjab-origin jail warden among three killed in road accident while transferring prisoner",
        "uncertainty_radius_km": null
      },
      "type": "Feature"
    },
    {
      "geometry": {
        "coordinates": [
          -71.543,
          -35.6751
        ],
        "type": "Point"
      },
      "id": "inc_0d63efdea6ea120d",
      "properties": {
        "confidence": 0.13999999999999999,
        "event_start": "2026-06-01T07:00:00",
        "event_type": "road_crash",
        "granularity": "country",
        "incident_id": "inc_0d63efdea6ea120d",
        "is_incident_location": false,
        "location_name": "Chile — collection-country fallback; incident place unresolved",
        "method": "collection_country_fallback",
        "sentiment_count": 0,
        "source_count": 2,
        "status": "reported",
        "title": "URGENTE: Futbolista de Universidad de Chile protagoniza accidente de tránsito",
        "uncertainty_radius_km": null
      },
      "type": "Feature"
    },
    {
      "geometry": {
        "coordinates": [
          -71.543,
          -35.6751
        ],
        "type": "Point"
      },
      "id": "inc_227421db15aea318",
      "properties": {
        "confidence": 0.12,
        "event_start": "2026-08-03T07:00:00",
        "event_type": "road_crash",
        "granularity": "country",
        "incident_id": "inc_227421db15aea318",
        "is_incident_location": false,
        "location_name": "Chile — collection-country fallback; incident place unresolved",
        "method": "collection_country_fallback",
        "sentiment_count": 0,
        "source_count": 1,
        "status": "reported",
        "title": "Fatal accidente en la Ruta 68: choque entre camión y vehículo menor deja dos muertos y varios heridos",
        "uncertainty_radius_km": null
      },
      "type": "Feature"
    },
    {
      "geometry": {
        "coordinates": [
          -71.543,
          -35.6751
        ],
        "type": "Point"
      },
      "id": "inc_823a9f59d0b07484",
      "properties": {
        "confidence": 0.12,
        "event_start": "2026-08-06T15:26:27",
        "event_type": "road_crash",
        "granularity": "country",
        "incident_id": "inc_823a9f59d0b07484",
        "is_incident_location": false,
        "location_name": "Chile — collection-country fallback; incident place unresolved",
        "method": "collection_country_fallback",
        "sentiment_count": 0,
        "source_count": 1,
        "status": "reported",
        "title": "Un muerto y dos heridos graves deja fatal accidente de tránsito en ruta entre Nacimiento y Curanilahue",
        "uncertainty_radius_km": null
      },
      "type": "Feature"
    },
    {
      "geometry": {
        "coordinates": [
          -71.543,
          -35.6751
        ],
        "type": "Point"
      },
      "id": "inc_86e1ff6c1c17dc76",
      "properties": {
        "confidence": 0.12,
        "event_start": "2026-05-23T07:00:00",
        "event_type": "road_crash",
        "granularity": "country",
        "incident_id": "inc_86e1ff6c1c17dc76",
        "is_incident_location": false,
        "location_name": "Chile — collection-country fallback; incident place unresolved",
        "method": "collection_country_fallback",
        "sentiment_count": 0,
        "source_count": 1,
        "status": "reported",
        "title": "Fatal accidente en Ruta 5 Sur en Gorbea dejó un muerto y un lesionado",
        "uncertainty_radius_km": null
      },
      "type": "Feature"
    },
    {
      "geometry": {
        "coordinates": [
          -71.543,
          -35.6751
        ],
        "type": "Point"
      },
      "id": "inc_53e4572c273ebb25",
      "properties": {
        "confidence": 0.12,
        "event_start": "2026-06-01T07:00:00",
        "event_type": "road_crash",
        "granularity": "country",
        "incident_id": "inc_53e4572c273ebb25",
        "is_incident_location": false,
        "location_name": "Chile — collection-country fallback; incident place unresolved",
        "method": "collection_country_fallback",
        "sentiment_count": 0,
        "source_count": 1,
        "status": "reported",
        "title": "Octavio Rivero sufrió accidente de tránsito en la capital",
        "uncertainty_radius_km": null
      },
      "type": "Feature"
    },
    {
      "geometry": {
        "coordinates": [
          -71.543,
          -35.6751
        ],
        "type": "Point"
      },
      "id": "inc_5ccc0718de771335",
      "properties": {
        "confidence": 0.12,
        "event_start": "2026-08-08T13:14:52",
        "event_type": "road_crash",
        "granularity": "country",
        "incident_id": "inc_5ccc0718de771335",
        "is_incident_location": false,
        "location_name": "Chile — collection-country fallback; incident place unresolved",
        "method": "collection_country_fallback",
        "sentiment_count": 0,
        "source_count": 1,
        "status": "reported",
        "title": "Dos muertos deja colisión entre furgón y bus que trasladaba cadetes de Deportes Temuco que viajaban a Concepción",
        "uncertainty_radius_km": null
      },
      "type": "Feature"
    },
    {
      "geometry": {
        "coordinates": [
          -71.543,
          -35.6751
        ],
        "type": "Point"
      },
      "id": "inc_f2fc1a460b8dff39",
      "properties": {
        "confidence": 0.12,
        "event_start": "2026-07-30T07:00:00",
        "event_type": "road_crash",
        "granularity": "country",
        "incident_id": "inc_f2fc1a460b8dff39",
        "is_incident_location": false,
        "location_name": "Chile — collection-country fallback; incident place unresolved",
        "method": "collection_country_fallback",
        "sentiment_count": 0,
        "source_count": 1,
        "status": "reported",
        "title": "Un accidente de tránsito múltiple se registró durante la tarde de este jueves en las inmediaciones de la feria de Cartagena, región de Valparaíso, donde un camión y al menos seis vehículos menores se vieron involucrados Según los primeros antecedentes,",
        "uncertainty_radius_km": null
      },
      "type": "Feature"
    },
    {
      "geometry": {
        "coordinates": [
          -71.543,
          -35.6751
        ],
        "type": "Point"
      },
      "id": "inc_0f7da8e49baa453a",
      "properties": {
        "confidence": 0.12,
        "event_start": "2026-05-24T07:00:00",
        "event_type": "road_crash",
        "granularity": "country",
        "incident_id": "inc_0f7da8e49baa453a",
        "is_incident_location": false,
        "location_name": "Chile — collection-country fallback; incident place unresolved",
        "method": "collection_country_fallback",
        "sentiment_count": 0,
        "source_count": 1,
        "status": "reported",
        "title": "Un fallecido y tres heridos deja accidente de tránsito en Maipú",
        "uncertainty_radius_km": null
      },
      "type": "Feature"
    },
    {
      "geometry": {
        "coordinates": [
          -71.543,
          -35.6751
        ],
        "type": "Point"
      },
      "id": "inc_984568fc83827a1d",
      "properties": {
        "confidence": 0.12,
        "event_start": "2026-06-20T07:00:00",
        "event_type": "road_crash",
        "granularity": "country",
        "incident_id": "inc_984568fc83827a1d",
        "is_incident_location": false,
        "location_name": "Chile — collection-country fallback; incident place unresolved",
        "method": "collection_country_fallback",
        "sentiment_count": 0,
        "source_count": 1,
        "status": "reported",
        "title": "Grave accidente de tránsito dejó tres muertos y una persona en estado crítico en Arica",
        "uncertainty_radius_km": null
      },
      "type": "Feature"
    },
    {
      "geometry": {
        "coordinates": [
          -74.2973,
          4.5709
        ],
        "type": "Point"
      },
      "id": "inc_13fd5a8026a18370",
      "properties": {
        "confidence": 0.13999999999999999,
        "event_start": "2026-05-26T07:00:00",
        "event_type": "road_crash",
        "granularity": "country",
        "incident_id": "inc_13fd5a8026a18370",
        "is_incident_location": false,
        "location_name": "Colombia — collection-country fallback; incident place unresolved",
        "method": "collection_country_fallback",
        "sentiment_count": 0,
        "source_count": 2,
        "status": "reported",
        "title": "Atención: fatal accidente de tránsito en la vía Tunja-Bogotá dejó una mujer fallecida y varios heridos",
        "uncertainty_radius_km": null
      },
      "type": "Feature"
    },
    {
      "geometry": {
        "coordinates": [
          -74.2973,
          4.5709
        ],
        "type": "Point"
      },
      "id": "inc_6775aadb2f8638d2",
      "properties": {
        "confidence": 0.12,
        "event_start": "2026-05-19T04:56:01",
        "event_type": "road_crash",
        "granularity": "country",
        "incident_id": "inc_6775aadb2f8638d2",
        "is_incident_location": false,
        "location_name": "Colombia — collection-country fallback; incident place unresolved",
        "method": "collection_country_fallback",
        "sentiment_count": 0,
        "source_count": 1,
        "status": "reported",
        "title": "accidente de tránsito",
        "uncertainty_radius_km": null
      },
      "type": "Feature"
    },
    {
      "geometry": {
        "coordinates": [
          -74.2973,
          4.5709
        ],
        "type": "Point"
      },
      "id": "inc_792e064d5e755407",
      "properties": {
        "confidence": 0.13999999999999999,
        "event_start": "2026-05-19T07:00:00",
        "event_type": "road_crash",
        "granularity": "country",
        "incident_id": "inc_792e064d5e755407",
        "is_incident_location": false,
        "location_name": "Colombia — collection-country fallback; incident place unresolved",
        "method": "collection_country_fallback",
        "sentiment_count": 0,
        "source_count": 2,
        "status": "reported",
        "title": "Aparatoso accidente en la carretera Barranquilla - Cartagena dejó 19 heridos y bloqueada la vía al Mar",
        "uncertainty_radius_km": null
      },
      "type": "Feature"
    },
    {
      "geometry": {
        "coordinates": [
          -74.2973,
          4.5709
        ],
        "type": "Point"
      },
      "id": "inc_1546b788ed6e77e7",
      "properties": {
        "confidence": 0.12,
        "event_start": "2026-05-19T07:00:00",
        "event_type": "road_crash",
        "granularity": "country",
        "incident_id": "inc_1546b788ed6e77e7",
        "is_incident_location": false,
        "location_name": "Colombia — collection-country fallback; incident place unresolved",
        "method": "collection_country_fallback",
        "sentiment_count": 0,
        "source_count": 1,
        "status": "reported",
        "title": "Accidente de tránsito mantiene cerrada parcialmente la Vía al Mar: hay múltiples heridos",
        "uncertainty_radius_km": null
      },
      "type": "Feature"
    },
    {
      "geometry": {
        "coordinates": [
          -74.2973,
          4.5709
        ],
        "type": "Point"
      },
      "id": "inc_e800112fa35e2e52",
      "properties": {
        "confidence": 0.12,
        "event_start": "2026-05-27T07:00:00",
        "event_type": "road_crash",
        "granularity": "country",
        "incident_id": "inc_e800112fa35e2e52",
        "is_incident_location": false,
        "location_name": "Colombia — collection-country fallback; incident place unresolved",
        "method": "collection_country_fallback",
        "sentiment_count": 0,
        "source_count": 1,
        "status": "reported",
        "title": "Accidente de tránsito en la vía al mar involucra a dos tractocamiones y deja varios heridos; esto se sabe de la emergencia",
        "uncertainty_radius_km": null
      },
      "type": "Feature"
    },
    {
      "geometry": {
        "coordinates": [
          -74.2973,
          4.5709
        ],
        "type": "Point"
      },
      "id": "inc_2f11ff8e728c0d38",
      "properties": {
        "confidence": 0.12,
        "event_start": "2026-06-12T07:00:00",
        "event_type": "road_crash",
        "granularity": "country",
        "incident_id": "inc_2f11ff8e728c0d38",
        "is_incident_location": false,
        "location_name": "Colombia — collection-country fallback; incident place unresolved",
        "method": "collection_country_fallback",
        "sentiment_count": 0,
        "source_count": 1,
        "status": "reported",
        "title": "Caos en Usme: furgón sin frenos causó grave accidente de tránsito",
        "uncertainty_radius_km": null
      },
      "type": "Feature"
    },
    {
      "geometry": {
        "coordinates": [
          -74.2973,
          4.5709
        ],
        "type": "Point"
      },
      "id": "inc_ce563f83f31d2fa4",
      "properties": {
        "confidence": 0.12,
        "event_start": "2026-05-28T07:00:00",
        "event_type": "road_crash",
        "granularity": "country",
        "incident_id": "inc_ce563f83f31d2fa4",
        "is_incident_location": false,
        "location_name": "Colombia — collection-country fallback; incident place unresolved",
        "method": "collection_country_fallback",
        "sentiment_count": 0,
        "source_count": 1,
        "status": "reported",
        "title": "Vans que había salido de Barranquilla hacia Magangué sufrió accidente vial en Sucre: hubo tres muertos",
        "uncertainty_radius_km": null
      },
      "type": "Feature"
    },
    {
      "geometry": {
        "coordinates": [
          -74.2973,
          4.5709
        ],
        "type": "Point"
      },
      "id": "inc_3672baa313ac8347",
      "properties": {
        "confidence": 0.12,
        "event_start": "2026-06-28T07:00:00",
        "event_type": "road_crash",
        "granularity": "country",
        "incident_id": "inc_3672baa313ac8347",
        "is_incident_location": false,
        "location_name": "Colombia — collection-country fallback; incident place unresolved",
        "method": "collection_country_fallback",
        "sentiment_count": 0,
        "source_count": 1,
        "status": "reported",
        "title": "Conductor se dio a la fuga tras accidente de tránsito que dejó dos jóvenes muertos en Cúcuta",
        "uncertainty_radius_km": null
      },
      "type": "Feature"
    },
    {
      "geometry": {
        "coordinates": [
          -83.7534,
          9.7489
        ],
        "type": "Point"
      },
      "id": "inc_6a520427bb571d8c",
      "properties": {
        "confidence": 0.12,
        "event_start": "2025-08-03T22:28:00",
        "event_type": "road_crash",
        "granularity": "country",
        "incident_id": "inc_6a520427bb571d8c",
        "is_incident_location": false,
        "location_name": "Costa Rica — collection-country fallback; incident place unresolved",
        "method": "collection_country_fallback",
        "sentiment_count": 0,
        "source_count": 1,
        "status": "reported",
        "title": "Bus colisiona con 5 vehículos en Jacó; Cruz Roja confirma un fallecido",
        "uncertainty_radius_km": null
      },
      "type": "Feature"
    },
    {
      "geometry": {
        "coordinates": [
          -83.7534,
          9.7489
        ],
        "type": "Point"
      },
      "id": "inc_b17e63d9029a61a8",
      "properties": {
        "confidence": 0.12,
        "event_start": "2025-08-04T00:09:19",
        "event_type": "road_crash",
        "granularity": "country",
        "incident_id": "inc_b17e63d9029a61a8",
        "is_incident_location": false,
        "location_name": "Costa Rica — collection-country fallback; incident place unresolved",
        "method": "collection_country_fallback",
        "sentiment_count": 0,
        "source_count": 1,
        "status": "reported",
        "title": "Choque múltiple en Garabito deja un muerto",
        "uncertainty_radius_km": null
      },
      "type": "Feature"
    },
    {
      "geometry": {
        "coordinates": [
          -83.7534,
          9.7489
        ],
        "type": "Point"
      },
      "id": "inc_ee909558da5efab0",
      "properties": {
        "confidence": 0.12,
        "event_start": "2026-06-22T07:00:00",
        "event_type": "road_crash",
        "granularity": "country",
        "incident_id": "inc_ee909558da5efab0",
        "is_incident_location": false,
        "location_name": "Costa Rica — collection-country fallback; incident place unresolved",
        "method": "collection_country_fallback",
        "sentiment_count": 0,
        "source_count": 1,
        "status": "reported",
        "title": "Joven muere y dos menores resultan heridos en accidente de tránsito en El Seibo",
        "uncertainty_radius_km": null
      },
      "type": "Feature"
    },
    {
      "geometry": {
        "coordinates": [
          -83.7534,
          9.7489
        ],
        "type": "Point"
      },
      "id": "inc_e09cfc32980290c1",
      "properties": {
        "confidence": 0.12,
        "event_start": "2026-06-29T07:00:00",
        "event_type": "road_crash",
        "granularity": "country",
        "incident_id": "inc_e09cfc32980290c1",
        "is_incident_location": false,
        "location_name": "Costa Rica — collection-country fallback; incident place unresolved",
        "method": "collection_country_fallback",
        "sentiment_count": 0,
        "source_count": 1,
        "status": "reported",
        "title": "Diputado del PLN resulta herido tras aparatoso accidente de tránsito",
        "uncertainty_radius_km": null
      },
      "type": "Feature"
    },
    {
      "geometry": {
        "coordinates": [
          -83.7534,
          9.7489
        ],
        "type": "Point"
      },
      "id": "inc_34e1cf0a052956f9",
      "properties": {
        "confidence": 0.12,
        "event_start": "2026-05-17T07:00:00",
        "event_type": "road_crash",
        "granularity": "country",
        "incident_id": "inc_34e1cf0a052956f9",
        "is_incident_location": false,
        "location_name": "Costa Rica — collection-country fallback; incident place unresolved",
        "method": "collection_country_fallback",
        "sentiment_count": 0,
        "source_count": 1,
        "status": "reported",
        "title": "Menor de ocho años resulta gravemente herido en accidente de tránsito en Añasco",
        "uncertainty_radius_km": null
      },
      "type": "Feature"
    },
    {
      "geometry": {
        "coordinates": [
          -83.7534,
          9.7489
        ],
        "type": "Point"
      },
      "id": "inc_a5d14efd4e97a159",
      "properties": {
        "confidence": 0.12,
        "event_start": "2026-07-02T07:00:00",
        "event_type": "road_crash",
        "granularity": "country",
        "incident_id": "inc_a5d14efd4e97a159",
        "is_incident_location": false,
        "location_name": "Costa Rica — collection-country fallback; incident place unresolved",
        "method": "collection_country_fallback",
        "sentiment_count": 0,
        "source_count": 1,
        "status": "reported",
        "title": "Cruz Verde atiende a conductor herido en accidente de tránsito en San Martín",
        "uncertainty_radius_km": null
      },
      "type": "Feature"
    },
    {
      "geometry": {
        "coordinates": [
          -83.7534,
          9.7489
        ],
        "type": "Point"
      },
      "id": "inc_c2034b2764ce979a",
      "properties": {
        "confidence": 0.12,
        "event_start": "2026-07-25T07:00:00",
        "event_type": "road_crash",
        "granularity": "country",
        "incident_id": "inc_c2034b2764ce979a",
        "is_incident_location": false,
        "location_name": "Costa Rica — collection-country fallback; incident place unresolved",
        "method": "collection_country_fallback",
        "sentiment_count": 0,
        "source_count": 1,
        "status": "reported",
        "title": "Dos muertos en choque con patrulla policial; testigos señalan al oficial como responsable",
        "uncertainty_radius_km": null
      },
      "type": "Feature"
    },
    {
      "geometry": {
        "coordinates": [
          -83.7534,
          9.7489
        ],
        "type": "Point"
      },
      "id": "inc_6e79db45a7ea4f68",
      "properties": {
        "confidence": 0.12,
        "event_start": "2026-05-17T07:00:00",
        "event_type": "road_crash",
        "granularity": "country",
        "incident_id": "inc_6e79db45a7ea4f68",
        "is_incident_location": false,
        "location_name": "Costa Rica — collection-country fallback; incident place unresolved",
        "method": "collection_country_fallback",
        "sentiment_count": 0,
        "source_count": 1,
        "status": "reported",
        "title": "Trágico accidente de tránsito terminó con incendio y dos muertos en Guanacaste",
        "uncertainty_radius_km": null
      },
      "type": "Feature"
    },
    {
      "geometry": {
        "coordinates": [
          -83.7534,
          9.7489
        ],
        "type": "Point"
      },
      "id": "inc_5295fb3337a5966b",
      "properties": {
        "confidence": 0.13999999999999999,
        "event_start": "2026-07-25T07:00:00",
        "event_type": "road_crash",
        "granularity": "country",
        "incident_id": "inc_5295fb3337a5966b",
        "is_incident_location": false,
        "location_name": "Costa Rica — collection-country fallback; incident place unresolved",
        "method": "collection_country_fallback",
        "sentiment_count": 0,
        "source_count": 2,
        "status": "reported",
        "title": "Violento accidente de tránsito en Lindora deja un hombre muerto y cinco personas heridas",
        "uncertainty_radius_km": null
      },
      "type": "Feature"
    },
    {
      "geometry": {
        "coordinates": [
          10.4515,
          51.1657
        ],
        "type": "Point"
      },
      "id": "inc_d6682de967d14e10",
      "properties": {
        "confidence": 0.12,
        "event_start": "2026-06-10T00:00:00",
        "event_type": "road_crash",
        "granularity": "country",
        "incident_id": "inc_d6682de967d14e10",
        "is_incident_location": false,
        "location_name": "Germany — collection-country fallback; incident place unresolved",
        "method": "collection_country_fallback",
        "sentiment_count": 0,
        "source_count": 1,
        "status": "reported",
        "title": "Großeinsatz nach tragischem Busunglück in Hebertshausen",
        "uncertainty_radius_km": null
      },
      "type": "Feature"
    },
    {
      "geometry": {
        "coordinates": [
          10.4515,
          51.1657
        ],
        "type": "Point"
      },
      "id": "inc_869697c38676d2cf",
      "properties": {
        "confidence": 0.12,
        "event_start": "2026-06-11T12:53:00",
        "event_type": "road_crash",
        "granularity": "country",
        "incident_id": "inc_869697c38676d2cf",
        "is_incident_location": false,
        "location_name": "Germany — collection-country fallback; incident place unresolved",
        "method": "collection_country_fallback",
        "sentiment_count": 0,
        "source_count": 1,
        "status": "reported",
        "title": "Große Trauer nach Busunfall bei Hebertshausen",
        "uncertainty_radius_km": null
      },
      "type": "Feature"
    },
    {
      "geometry": {
        "coordinates": [
          10.4515,
          51.1657
        ],
        "type": "Point"
      },
      "id": "inc_b6453605f2909e71",
      "properties": {
        "confidence": 0.12,
        "event_start": "2026-06-03T07:00:00",
        "event_type": "road_crash",
        "granularity": "country",
        "incident_id": "inc_b6453605f2909e71",
        "is_incident_location": false,
        "location_name": "Germany — collection-country fallback; incident place unresolved",
        "method": "collection_country_fallback",
        "sentiment_count": 0,
        "source_count": 1,
        "status": "reported",
        "title": "Auto gerät auf Fernpassstraße auf die Gegenfahrbahn: Zusammenstoß",
        "uncertainty_radius_km": null
      },
      "type": "Feature"
    },
    {
      "geometry": {
        "coordinates": [
          10.4515,
          51.1657
        ],
        "type": "Point"
      },
      "id": "inc_36b56431143075ad",
      "properties": {
        "confidence": 0.13999999999999999,
        "event_start": "2026-05-15T07:00:00",
        "event_type": "road_crash",
        "granularity": "country",
        "incident_id": "inc_36b56431143075ad",
        "is_incident_location": false,
        "location_name": "Germany — collection-country fallback; incident place unresolved",
        "method": "collection_country_fallback",
        "sentiment_count": 0,
        "source_count": 2,
        "status": "reported",
        "title": "Zu schnell: Autounfall in Kärnten forderte vier Verletzte",
        "uncertainty_radius_km": null
      },
      "type": "Feature"
    },
    {
      "geometry": {
        "coordinates": [
          10.4515,
          51.1657
        ],
        "type": "Point"
      },
      "id": "inc_863cca3f50bdec09",
      "properties": {
        "confidence": 0.12,
        "event_start": "2026-05-31T07:00:00",
        "event_type": "road_crash",
        "granularity": "country",
        "incident_id": "inc_863cca3f50bdec09",
        "is_incident_location": false,
        "location_name": "Germany — collection-country fallback; incident place unresolved",
        "method": "collection_country_fallback",
        "sentiment_count": 0,
        "source_count": 1,
        "status": "reported",
        "title": "Blitzeinschlag stört Tauffeier: Schwere Gewitter ziehen über Deutschland - zwei Tote bei Karlsruhe",
        "uncertainty_radius_km": null
      },
      "type": "Feature"
    },
    {
      "geometry": {
        "coordinates": [
          10.4515,
          51.1657
        ],
        "type": "Point"
      },
      "id": "inc_0be0fee356b7eb56",
      "properties": {
        "confidence": 0.12,
        "event_start": "2026-07-27T07:00:00",
        "event_type": "road_crash",
        "granularity": "country",
        "incident_id": "inc_0be0fee356b7eb56",
        "is_incident_location": false,
        "location_name": "Germany — collection-country fallback; incident place unresolved",
        "method": "collection_country_fallback",
        "sentiment_count": 0,
        "source_count": 1,
        "status": "reported",
        "title": "Autofahrer übersieht Motorradfahrer – schwer verletzt",
        "uncertainty_radius_km": null
      },
      "type": "Feature"
    },
    {
      "geometry": {
        "coordinates": [
          10.4515,
          51.1657
        ],
        "type": "Point"
      },
      "id": "inc_4bcf26c5402b3f28",
      "properties": {
        "confidence": 0.12,
        "event_start": "2026-08-10T05:01:12",
        "event_type": "road_crash",
        "granularity": "country",
        "incident_id": "inc_4bcf26c5402b3f28",
        "is_incident_location": false,
        "location_name": "Germany — collection-country fallback; incident place unresolved",
        "method": "collection_country_fallback",
        "sentiment_count": 0,
        "source_count": 1,
        "status": "reported",
        "title": "Neun Verletzte bei Zusammenstoß in Schwaben",
        "uncertainty_radius_km": null
      },
      "type": "Feature"
    },
    {
      "geometry": {
        "coordinates": [
          10.4515,
          51.1657
        ],
        "type": "Point"
      },
      "id": "inc_9b59375d60402751",
      "properties": {
        "confidence": 0.12,
        "event_start": "2026-07-24T07:00:00",
        "event_type": "road_crash",
        "granularity": "country",
        "incident_id": "inc_9b59375d60402751",
        "is_incident_location": false,
        "location_name": "Germany — collection-country fallback; incident place unresolved",
        "method": "collection_country_fallback",
        "sentiment_count": 0,
        "source_count": 1,
        "status": "reported",
        "title": "POL-NB: Vierjähriger Junge bei Verkehrsunfall in Glowe verletzt",
        "uncertainty_radius_km": null
      },
      "type": "Feature"
    },
    {
      "geometry": {
        "coordinates": [
          10.4515,
          51.1657
        ],
        "type": "Point"
      },
      "id": "inc_7a2cab4709678ce1",
      "properties": {
        "confidence": 0.12,
        "event_start": "2026-06-10T07:00:00",
        "event_type": "road_crash",
        "granularity": "country",
        "incident_id": "inc_7a2cab4709678ce1",
        "is_incident_location": false,
        "location_name": "Germany — collection-country fallback; incident place unresolved",
        "method": "collection_country_fallback",
        "sentiment_count": 0,
        "source_count": 1,
        "status": "reported",
        "title": "Schulausflug in Oberbayern: Verletzte nach Busunfall nicht mehr in akuter Lebensgefahr",
        "uncertainty_radius_km": null
      },
      "type": "Feature"
    },
    {
      "geometry": {
        "coordinates": [
          -78.1834,
          -1.8312
        ],
        "type": "Point"
      },
      "id": "inc_9be217d5da923c95",
      "properties": {
        "confidence": 0.13999999999999999,
        "event_start": "2026-06-13T07:00:00",
        "event_type": "road_crash",
        "granularity": "country",
        "incident_id": "inc_9be217d5da923c95",
        "is_incident_location": false,
        "location_name": "Ecuador — collection-country fallback; incident place unresolved",
        "method": "collection_country_fallback",
        "sentiment_count": 0,
        "source_count": 2,
        "status": "reported",
        "title": "Accidente de tránsito en la vía Puyo-Baños deja un fallecido y cuatro heridos",
        "uncertainty_radius_km": null
      },
      "type": "Feature"
    },
    {
      "geometry": {
        "coordinates": [
          -78.1834,
          -1.8312
        ],
        "type": "Point"
      },
      "id": "inc_d4467af2b573691c",
      "properties": {
        "confidence": 0.12,
        "event_start": "2026-06-15T07:00:00",
        "event_type": "road_crash",
        "granularity": "country",
        "incident_id": "inc_d4467af2b573691c",
        "is_incident_location": false,
        "location_name": "Ecuador — collection-country fallback; incident place unresolved",
        "method": "collection_country_fallback",
        "sentiment_count": 0,
        "source_count": 1,
        "status": "reported",
        "title": "Explosión tras choque de vehículos en Estambul deja tres heridos",
        "uncertainty_radius_km": null
      },
      "type": "Feature"
    },
    {
      "geometry": {
        "coordinates": [
          -78.1834,
          -1.8312
        ],
        "type": "Point"
      },
      "id": "inc_282d025d78584b79",
      "properties": {
        "confidence": 0.12,
        "event_start": "2026-07-11T07:00:00",
        "event_type": "road_crash",
        "granularity": "country",
        "incident_id": "inc_282d025d78584b79",
        "is_incident_location": false,
        "location_name": "Ecuador — collection-country fallback; incident place unresolved",
        "method": "collection_country_fallback",
        "sentiment_count": 0,
        "source_count": 1,
        "status": "reported",
        "title": "Tres muertos en un siniestro de tránsito en Pomasqui, norte de Quito",
        "uncertainty_radius_km": null
      },
      "type": "Feature"
    },
    {
      "geometry": {
        "coordinates": [
          -78.1834,
          -1.8312
        ],
        "type": "Point"
      },
      "id": "inc_c6ff7ee58e8f8dfb",
      "properties": {
        "confidence": 0.12,
        "event_start": "2026-07-08T07:00:00",
        "event_type": "road_crash",
        "granularity": "country",
        "incident_id": "inc_c6ff7ee58e8f8dfb",
        "is_incident_location": false,
        "location_name": "Ecuador — collection-country fallback; incident place unresolved",
        "method": "collection_country_fallback",
        "sentiment_count": 0,
        "source_count": 1,
        "status": "reported",
        "title": "Bus cae al río Ambato y deja dos fallecidos y tres heridos",
        "uncertainty_radius_km": null
      },
      "type": "Feature"
    },
    {
      "geometry": {
        "coordinates": [
          -78.1834,
          -1.8312
        ],
        "type": "Point"
      },
      "id": "inc_6f7302751316b7df",
      "properties": {
        "confidence": 0.12,
        "event_start": "2026-06-14T07:00:00",
        "event_type": "road_crash",
        "granularity": "country",
        "incident_id": "inc_6f7302751316b7df",
        "is_incident_location": false,
        "location_name": "Ecuador — collection-country fallback; incident place unresolved",
        "method": "collection_country_fallback",
        "sentiment_count": 0,
        "source_count": 1,
        "status": "reported",
        "title": "Choque vehicular que causó un incendio en Ecuador deja 10 muertos",
        "uncertainty_radius_km": null
      },
      "type": "Feature"
    },
    {
      "geometry": {
        "coordinates": [
          -78.1834,
          -1.8312
        ],
        "type": "Point"
      },
      "id": "inc_8a396de0808fd155",
      "properties": {
        "confidence": 0.12,
        "event_start": "2026-06-21T07:00:00",
        "event_type": "road_crash",
        "granularity": "country",
        "incident_id": "inc_8a396de0808fd155",
        "is_incident_location": false,
        "location_name": "Ecuador — collection-country fallback; incident place unresolved",
        "method": "collection_country_fallback",
        "sentiment_count": 0,
        "source_count": 1,
        "status": "reported",
        "title": "Dos muertos deja un accidente de tránsito en Tarqui",
        "uncertainty_radius_km": null
      },
      "type": "Feature"
    },
    {
      "geometry": {
        "coordinates": [
          -78.1834,
          -1.8312
        ],
        "type": "Point"
      },
      "id": "inc_22982dfb7bd89b17",
      "properties": {
        "confidence": 0.12,
        "event_start": "2026-07-18T07:00:00",
        "event_type": "road_crash",
        "granularity": "country",
        "incident_id": "inc_22982dfb7bd89b17",
        "is_incident_location": false,
        "location_name": "Ecuador — collection-country fallback; incident place unresolved",
        "method": "collection_country_fallback",
        "sentiment_count": 0,
        "source_count": 1,
        "status": "reported",
        "title": "Dos muertos y 15 heridos deja accidente de bus en la vía Cuenca-Azogues",
        "uncertainty_radius_km": null
      },
      "type": "Feature"
    },
    {
      "geometry": {
        "coordinates": [
          -78.1834,
          -1.8312
        ],
        "type": "Point"
      },
      "id": "inc_b8f686f500b33552",
      "properties": {
        "confidence": 0.12,
        "event_start": "2026-08-09T00:44:00",
        "event_type": "road_crash",
        "granularity": "country",
        "incident_id": "inc_b8f686f500b33552",
        "is_incident_location": false,
        "location_name": "Ecuador — collection-country fallback; incident place unresolved",
        "method": "collection_country_fallback",
        "sentiment_count": 0,
        "source_count": 1,
        "status": "reported",
        "title": "Al menos 13 muertos y cuatro heridos en accidente de tránsito registrado en Perú",
        "uncertainty_radius_km": null
      },
      "type": "Feature"
    },
    {
      "geometry": {
        "coordinates": [
          -78.1834,
          -1.8312
        ],
        "type": "Point"
      },
      "id": "inc_b3325f68bb93644f",
      "properties": {
        "confidence": 0.12,
        "event_start": "2026-07-07T07:00:00",
        "event_type": "road_crash",
        "granularity": "country",
        "incident_id": "inc_b3325f68bb93644f",
        "is_incident_location": false,
        "location_name": "Ecuador — collection-country fallback; incident place unresolved",
        "method": "collection_country_fallback",
        "sentiment_count": 3,
        "source_count": 1,
        "status": "reported",
        "title": "Protesta en vía de Santa Lucía por accidente de tránsito que dejó cinco heridos",
        "uncertainty_radius_km": null
      },
      "type": "Feature"
    },
    {
      "geometry": {
        "coordinates": [
          30.8025,
          26.8206
        ],
        "type": "Point"
      },
      "id": "inc_ed58940e6eb097b3",
      "properties": {
        "confidence": 0.12,
        "event_start": "2025-11-11T02:03:00",
        "event_type": "road_crash",
        "granularity": "country",
        "incident_id": "inc_ed58940e6eb097b3",
        "is_incident_location": false,
        "location_name": "Egypt — collection-country fallback; incident place unresolved",
        "method": "collection_country_fallback",
        "sentiment_count": 0,
        "source_count": 1,
        "status": "reported",
        "title": "Egypt coach crash: Two people killed and over 30 injured after bus and truck collide",
        "uncertainty_radius_km": null
      },
      "type": "Feature"
    },
    {
      "geometry": {
        "coordinates": [
          30.8025,
          26.8206
        ],
        "type": "Point"
      },
      "id": "inc_f5feacf5559bb370",
      "properties": {
        "confidence": 0.12,
        "event_start": "2025-11-10T22:26:00",
        "event_type": "road_crash",
        "granularity": "country",
        "incident_id": "inc_f5feacf5559bb370",
        "is_incident_location": false,
        "location_name": "Egypt — collection-country fallback; incident place unresolved",
        "method": "collection_country_fallback",
        "sentiment_count": 0,
        "source_count": 1,
        "status": "reported",
        "title": "Egypt coach crash: Two dead after bus full of tourists careers into truck",
        "uncertainty_radius_km": null
      },
      "type": "Feature"
    },
    {
      "geometry": {
        "coordinates": [
          30.8025,
          26.8206
        ],
        "type": "Point"
      },
      "id": "inc_beabf6e7334ae486",
      "properties": {
        "confidence": 0.12,
        "event_start": "2026-08-11T10:04:00",
        "event_type": "road_crash",
        "granularity": "country",
        "incident_id": "inc_beabf6e7334ae486",
        "is_incident_location": false,
        "location_name": "Egypt — collection-country fallback; incident place unresolved",
        "method": "collection_country_fallback",
        "sentiment_count": 0,
        "source_count": 1,
        "status": "reported",
        "title": "15 killed, 32 injured in deadly road accident in eastern Egypt",
        "uncertainty_radius_km": null
      },
      "type": "Feature"
    },
    {
      "geometry": {
        "coordinates": [
          30.8025,
          26.8206
        ],
        "type": "Point"
      },
      "id": "inc_abe446a31e7d529d",
      "properties": {
        "confidence": 0.12,
        "event_start": "2026-08-11T10:03:00",
        "event_type": "road_crash",
        "granularity": "country",
        "incident_id": "inc_abe446a31e7d529d",
        "is_incident_location": false,
        "location_name": "Egypt — collection-country fallback; incident place unresolved",
        "method": "collection_country_fallback",
        "sentiment_count": 0,
        "source_count": 1,
        "status": "reported",
        "title": "15 killed, 32 injured as workers’ pickup truck overturns in Egypt",
        "uncertainty_radius_km": null
      },
      "type": "Feature"
    },
    {
      "geometry": {
        "coordinates": [
          30.8025,
          26.8206
        ],
        "type": "Point"
      },
      "id": "inc_ebac2021f6015150",
      "properties": {
        "confidence": 0.12,
        "event_start": "2010-11-20T06:04:00",
        "event_type": "road_crash",
        "granularity": "country",
        "incident_id": "inc_ebac2021f6015150",
        "is_incident_location": false,
        "location_name": "Egypt — collection-country fallback; incident place unresolved",
        "method": "collection_country_fallback",
        "sentiment_count": 0,
        "source_count": 1,
        "status": "reported",
        "title": "Egypt bus crash kills 8 tourists",
        "uncertainty_radius_km": null
      },
      "type": "Feature"
    },
    {
      "geometry": {
        "coordinates": [
          30.8025,
          26.8206
        ],
        "type": "Point"
      },
      "id": "inc_611d033c78553e0e",
      "properties": {
        "confidence": 0.12,
        "event_start": "2026-08-11T07:43:00",
        "event_type": "road_crash",
        "granularity": "country",
        "incident_id": "inc_611d033c78553e0e",
        "is_incident_location": false,
        "location_name": "Egypt — collection-country fallback; incident place unresolved",
        "method": "collection_country_fallback",
        "sentiment_count": 0,
        "source_count": 1,
        "status": "reported",
        "title": "18 killed including children in Egypt workers' pick-up crash",
        "uncertainty_radius_km": null
      },
      "type": "Feature"
    },
    {
      "geometry": {
        "coordinates": [
          30.8025,
          26.8206
        ],
        "type": "Point"
      },
      "id": "inc_6c669b15fe8e40d2",
      "properties": {
        "confidence": 0.12,
        "event_start": "2015-03-07T06:47:00",
        "event_type": "road_crash",
        "granularity": "country",
        "incident_id": "inc_6c669b15fe8e40d2",
        "is_incident_location": false,
        "location_name": "Egypt — collection-country fallback; incident place unresolved",
        "method": "collection_country_fallback",
        "sentiment_count": 0,
        "source_count": 1,
        "status": "reported",
        "title": "Egypt’s prosecutor orders summoning of minister over deadly collision",
        "uncertainty_radius_km": null
      },
      "type": "Feature"
    },
    {
      "geometry": {
        "coordinates": [
          30.8025,
          26.8206
        ],
        "type": "Point"
      },
      "id": "inc_e0afcab1f9ef4e68",
      "properties": {
        "confidence": 0.12,
        "event_start": "2026-08-10T17:00:00",
        "event_type": "road_crash",
        "granularity": "country",
        "incident_id": "inc_e0afcab1f9ef4e68",
        "is_incident_location": false,
        "location_name": "Egypt — collection-country fallback; incident place unresolved",
        "method": "collection_country_fallback",
        "sentiment_count": 0,
        "source_count": 1,
        "status": "reported",
        "title": "Egypt announces EGP 400,000 compensation for families of Ismailia crash victims",
        "uncertainty_radius_km": null
      },
      "type": "Feature"
    },
    {
      "geometry": {
        "coordinates": [
          30.8025,
          26.8206
        ],
        "type": "Point"
      },
      "id": "inc_cfaf4016def510b8",
      "properties": {
        "confidence": 0.12,
        "event_start": "2025-07-05T02:44:00",
        "event_type": "road_crash",
        "granularity": "country",
        "incident_id": "inc_cfaf4016def510b8",
        "is_incident_location": false,
        "location_name": "Egypt — collection-country fallback; incident place unresolved",
        "method": "collection_country_fallback",
        "sentiment_count": 0,
        "source_count": 1,
        "status": "reported",
        "title": "Nine dead in Egypt road crash: Health ministry",
        "uncertainty_radius_km": null
      },
      "type": "Feature"
    },
    {
      "geometry": {
        "coordinates": [
          30.8025,
          26.8206
        ],
        "type": "Point"
      },
      "id": "inc_2dba26284c3f4eaf",
      "properties": {
        "confidence": 0.12,
        "event_start": "2025-11-11T00:15:00",
        "event_type": "road_crash",
        "granularity": "country",
        "incident_id": "inc_2dba26284c3f4eaf",
        "is_incident_location": false,
        "location_name": "Egypt — collection-country fallback; incident place unresolved",
        "method": "collection_country_fallback",
        "sentiment_count": 0,
        "source_count": 1,
        "status": "reported",
        "title": "Egypt bus crash: Two dead and 36 injured as bus carrying foreigners crashes",
        "uncertainty_radius_km": null
      },
      "type": "Feature"
    },
    {
      "geometry": {
        "coordinates": [
          -3.7492,
          40.4637
        ],
        "type": "Point"
      },
      "id": "inc_853da268b688f4a2",
      "properties": {
        "confidence": 0.16,
        "event_start": "2026-06-28T07:00:00",
        "event_type": "road_crash",
        "granularity": "country",
        "incident_id": "inc_853da268b688f4a2",
        "is_incident_location": false,
        "location_name": "Spain — collection-country fallback; incident place unresolved",
        "method": "collection_country_fallback",
        "sentiment_count": 0,
        "source_count": 3,
        "status": "reported",
        "title": "Cuatro fallecidos y seis heridos graves en un accidente de tráfico en Castellón",
        "uncertainty_radius_km": null
      },
      "type": "Feature"
    },
    {
      "geometry": {
        "coordinates": [
          -3.7492,
          40.4637
        ],
        "type": "Point"
      },
      "id": "inc_4af43a3132d0f046",
      "properties": {
        "confidence": 0.12,
        "event_start": "2026-08-09T16:22:49",
        "event_type": "road_crash",
        "granularity": "country",
        "incident_id": "inc_4af43a3132d0f046",
        "is_incident_location": false,
        "location_name": "Spain — collection-country fallback; incident place unresolved",
        "method": "collection_country_fallback",
        "sentiment_count": 0,
        "source_count": 1,
        "status": "reported",
        "title": "Dos muertos en un accidente de tráfico en la A-394 a la altura de Utrera",
        "uncertainty_radius_km": null
      },
      "type": "Feature"
    },
    {
      "geometry": {
        "coordinates": [
          -3.7492,
          40.4637
        ],
        "type": "Point"
      },
      "id": "inc_0ffd56b39c39b3be",
      "properties": {
        "confidence": 0.12,
        "event_start": "2026-07-17T07:00:00",
        "event_type": "road_crash",
        "granularity": "country",
        "incident_id": "inc_0ffd56b39c39b3be",
        "is_incident_location": false,
        "location_name": "Spain — collection-country fallback; incident place unresolved",
        "method": "collection_country_fallback",
        "sentiment_count": 0,
        "source_count": 1,
        "status": "reported",
        "title": "Dos muertos por una colisión frontal en un accidente de tráfico en O Porriño, Pontevedra",
        "uncertainty_radius_km": null
      },
      "type": "Feature"
    },
    {
      "geometry": {
        "coordinates": [
          -3.7492,
          40.4637
        ],
        "type": "Point"
      },
      "id": "inc_f24ef36ef3729128",
      "properties": {
        "confidence": 0.12,
        "event_start": "2026-06-13T07:00:00",
        "event_type": "road_crash",
        "granularity": "country",
        "incident_id": "inc_f24ef36ef3729128",
        "is_incident_location": false,
        "location_name": "Spain — collection-country fallback; incident place unresolved",
        "method": "collection_country_fallback",
        "sentiment_count": 0,
        "source_count": 1,
        "status": "reported",
        "title": "Un fallecido y dos heridos graves en un accidente de tráfico en Lora del Río.",
        "uncertainty_radius_km": null
      },
      "type": "Feature"
    },
    {
      "geometry": {
        "coordinates": [
          -3.7492,
          40.4637
        ],
        "type": "Point"
      },
      "id": "inc_0744ff539307adea",
      "properties": {
        "confidence": 0.12,
        "event_start": "2026-06-03T07:00:00",
        "event_type": "road_crash",
        "granularity": "country",
        "incident_id": "inc_0744ff539307adea",
        "is_incident_location": false,
        "location_name": "Spain — collection-country fallback; incident place unresolved",
        "method": "collection_country_fallback",
        "sentiment_count": 0,
        "source_count": 1,
        "status": "reported",
        "title": "El emotivo homenaje de la Guardia Civil de Navarra a los 5 policías forales muertos en accidente de tráfico",
        "uncertainty_radius_km": null
      },
      "type": "Feature"
    },
    {
      "geometry": {
        "coordinates": [
          -3.7492,
          40.4637
        ],
        "type": "Point"
      },
      "id": "inc_c6a051c03cf91994",
      "properties": {
        "confidence": 0.12,
        "event_start": "2026-06-02T07:00:00",
        "event_type": "road_crash",
        "granularity": "country",
        "incident_id": "inc_c6a051c03cf91994",
        "is_incident_location": false,
        "location_name": "Spain — collection-country fallback; incident place unresolved",
        "method": "collection_country_fallback",
        "sentiment_count": 0,
        "source_count": 1,
        "status": "reported",
        "title": "Muere un hombre de 47 años, una joven de 17 y un bebé en un accidente de tráfico en Agón (Zaragoza)",
        "uncertainty_radius_km": null
      },
      "type": "Feature"
    },
    {
      "geometry": {
        "coordinates": [
          -3.7492,
          40.4637
        ],
        "type": "Point"
      },
      "id": "inc_5ec4ae07645e1668",
      "properties": {
        "confidence": 0.12,
        "event_start": "2026-06-26T07:00:00",
        "event_type": "road_crash",
        "granularity": "country",
        "incident_id": "inc_5ec4ae07645e1668",
        "is_incident_location": false,
        "location_name": "Spain — collection-country fallback; incident place unresolved",
        "method": "collection_country_fallback",
        "sentiment_count": 0,
        "source_count": 1,
        "status": "reported",
        "title": "Cinco heridos en un accidente de tráfico con un jabalí en Bergondo",
        "uncertainty_radius_km": null
      },
      "type": "Feature"
    },
    {
      "geometry": {
        "coordinates": [
          -3.7492,
          40.4637
        ],
        "type": "Point"
      },
      "id": "inc_9bc5496d620c519c",
      "properties": {
        "confidence": 0.12,
        "event_start": "2026-07-25T07:00:00",
        "event_type": "road_crash",
        "granularity": "country",
        "incident_id": "inc_9bc5496d620c519c",
        "is_incident_location": false,
        "location_name": "Spain — collection-country fallback; incident place unresolved",
        "method": "collection_country_fallback",
        "sentiment_count": 0,
        "source_count": 1,
        "status": "reported",
        "title": "Tres heridos en un choque múltiple en el Puente del Guadiana entre España y Portugal",
        "uncertainty_radius_km": null
      },
      "type": "Feature"
    },
    {
      "geometry": {
        "coordinates": [
          40.4897,
          9.145
        ],
        "type": "Point"
      },
      "id": "inc_36606dd3867022d0",
      "properties": {
        "confidence": 0.13999999999999999,
        "event_start": "2026-06-15T01:21:00",
        "event_type": "road_crash",
        "granularity": "country",
        "incident_id": "inc_36606dd3867022d0",
        "is_incident_location": false,
        "location_name": "Ethiopia — collection-country fallback; incident place unresolved",
        "method": "collection_country_fallback",
        "sentiment_count": 0,
        "source_count": 2,
        "status": "reported",
        "title": "At least 28 killed in Ethiopia bus crash, regional media says",
        "uncertainty_radius_km": null
      },
      "type": "Feature"
    },
    {
      "geometry": {
        "coordinates": [
          40.4897,
          9.145
        ],
        "type": "Point"
      },
      "id": "inc_de96ad5fa64d168f",
      "properties": {
        "confidence": 0.12,
        "event_start": "2024-12-29T23:36:00",
        "event_type": "road_crash",
        "granularity": "country",
        "incident_id": "inc_de96ad5fa64d168f",
        "is_incident_location": false,
        "location_name": "Ethiopia — collection-country fallback; incident place unresolved",
        "method": "collection_country_fallback",
        "sentiment_count": 0,
        "source_count": 1,
        "status": "reported",
        "title": "71 die in Ethiopia road accident",
        "uncertainty_radius_km": null
      },
      "type": "Feature"
    },
    {
      "geometry": {
        "coordinates": [
          40.4897,
          9.145
        ],
        "type": "Point"
      },
      "id": "inc_cb30987af2785f52",
      "properties": {
        "confidence": 0.12,
        "event_start": "2024-12-29T22:49:00",
        "event_type": "road_crash",
        "granularity": "country",
        "incident_id": "inc_cb30987af2785f52",
        "is_incident_location": false,
        "location_name": "Ethiopia — collection-country fallback; incident place unresolved",
        "method": "collection_country_fallback",
        "sentiment_count": 0,
        "source_count": 1,
        "status": "reported",
        "title": "Death toll in Ethiopia road accident rises to 71",
        "uncertainty_radius_km": null
      },
      "type": "Feature"
    },
    {
      "geometry": {
        "coordinates": [
          40.4897,
          9.145
        ],
        "type": "Point"
      },
      "id": "inc_001e111e0160af47",
      "properties": {
        "confidence": 0.12,
        "event_start": "2024-12-30T10:12:00",
        "event_type": "road_crash",
        "granularity": "country",
        "incident_id": "inc_001e111e0160af47",
        "is_incident_location": false,
        "location_name": "Ethiopia — collection-country fallback; incident place unresolved",
        "method": "collection_country_fallback",
        "sentiment_count": 0,
        "source_count": 1,
        "status": "reported",
        "title": "More than 70 killed in Ethiopia road accident",
        "uncertainty_radius_km": null
      },
      "type": "Feature"
    },
    {
      "geometry": {
        "coordinates": [
          40.4897,
          9.145
        ],
        "type": "Point"
      },
      "id": "inc_e922c60d8bde6b4c",
      "properties": {
        "confidence": 0.12,
        "event_start": "2024-12-29T14:34:00",
        "event_type": "road_crash",
        "granularity": "country",
        "incident_id": "inc_e922c60d8bde6b4c",
        "is_incident_location": false,
        "location_name": "Ethiopia — collection-country fallback; incident place unresolved",
        "method": "collection_country_fallback",
        "sentiment_count": 0,
        "source_count": 1,
        "status": "reported",
        "title": "66 dead after road accident in Ethiopia",
        "uncertainty_radius_km": null
      },
      "type": "Feature"
    },
    {
      "geometry": {
        "coordinates": [
          40.4897,
          9.145
        ],
        "type": "Point"
      },
      "id": "inc_2566ad61661be61d",
      "properties": {
        "confidence": 0.12,
        "event_start": "2024-12-29T16:00:00",
        "event_type": "road_crash",
        "granularity": "country",
        "incident_id": "inc_2566ad61661be61d",
        "is_incident_location": false,
        "location_name": "Ethiopia — collection-country fallback; incident place unresolved",
        "method": "collection_country_fallback",
        "sentiment_count": 0,
        "source_count": 1,
        "status": "reported",
        "title": "Over 60 Killed In Ethiopia Traffic Accident",
        "uncertainty_radius_km": null
      },
      "type": "Feature"
    },
    {
      "geometry": {
        "coordinates": [
          40.4897,
          9.145
        ],
        "type": "Point"
      },
      "id": "inc_1725871d9f46d5f7",
      "properties": {
        "confidence": 0.12,
        "event_start": "2026-06-15T02:19:00",
        "event_type": "road_crash",
        "granularity": "country",
        "incident_id": "inc_1725871d9f46d5f7",
        "is_incident_location": false,
        "location_name": "Ethiopia — collection-country fallback; incident place unresolved",
        "method": "collection_country_fallback",
        "sentiment_count": 0,
        "source_count": 1,
        "status": "reported",
        "title": "Ethiopia bus crash kills 28",
        "uncertainty_radius_km": null
      },
      "type": "Feature"
    },
    {
      "geometry": {
        "coordinates": [
          40.4897,
          9.145
        ],
        "type": "Point"
      },
      "id": "inc_7a1aba27b4aad602",
      "properties": {
        "confidence": 0.13999999999999999,
        "event_start": "2026-06-15T06:21:00",
        "event_type": "road_crash",
        "granularity": "country",
        "incident_id": "inc_7a1aba27b4aad602",
        "is_incident_location": false,
        "location_name": "Ethiopia — collection-country fallback; incident place unresolved",
        "method": "collection_country_fallback",
        "sentiment_count": 0,
        "source_count": 2,
        "status": "reported",
        "title": "At least 31 dead after bus crashes in Ethiopia",
        "uncertainty_radius_km": null
      },
      "type": "Feature"
    },
    {
      "geometry": {
        "coordinates": [
          2.2137,
          46.2276
        ],
        "type": "Point"
      },
      "id": "inc_4303dc258abb3e6e",
      "properties": {
        "confidence": 0.16,
        "event_start": "2026-06-13T07:00:00",
        "event_type": "road_crash",
        "granularity": "country",
        "incident_id": "inc_4303dc258abb3e6e",
        "is_incident_location": false,
        "location_name": "France — collection-country fallback; incident place unresolved",
        "method": "collection_country_fallback",
        "sentiment_count": 0,
        "source_count": 3,
        "status": "reported",
        "title": "Un gendarme est mort et deux autres ont été blessés dans un accident de la route en Haute-Savoie, dans le cadre de la sécurisation du G7",
        "uncertainty_radius_km": null
      },
      "type": "Feature"
    },
    {
      "geometry": {
        "coordinates": [
          2.2137,
          46.2276
        ],
        "type": "Point"
      },
      "id": "inc_980616e334663106",
      "properties": {
        "confidence": 0.12,
        "event_start": "2026-07-28T07:00:00",
        "event_type": "road_crash",
        "granularity": "country",
        "incident_id": "inc_980616e334663106",
        "is_incident_location": false,
        "location_name": "France — collection-country fallback; incident place unresolved",
        "method": "collection_country_fallback",
        "sentiment_count": 0,
        "source_count": 1,
        "status": "reported",
        "title": "Un pompier volontaire de 38 ans est mort dans un accident de la route alors qu’il était en intervention.",
        "uncertainty_radius_km": null
      },
      "type": "Feature"
    },
    {
      "geometry": {
        "coordinates": [
          2.2137,
          46.2276
        ],
        "type": "Point"
      },
      "id": "inc_92c6908329081e96",
      "properties": {
        "confidence": 0.12,
        "event_start": "2026-08-02T07:00:00",
        "event_type": "road_crash",
        "granularity": "country",
        "incident_id": "inc_92c6908329081e96",
        "is_incident_location": false,
        "location_name": "France — collection-country fallback; incident place unresolved",
        "method": "collection_country_fallback",
        "sentiment_count": 0,
        "source_count": 1,
        "status": "reported",
        "title": "Un mort et quatre blessés après un grave accident de la route impliquant deux véhicules en Vendée",
        "uncertainty_radius_km": null
      },
      "type": "Feature"
    },
    {
      "geometry": {
        "coordinates": [
          2.2137,
          46.2276
        ],
        "type": "Point"
      },
      "id": "inc_5f0001a82e9cf963",
      "properties": {
        "confidence": 0.12,
        "event_start": "2026-07-19T07:00:00",
        "event_type": "road_crash",
        "granularity": "country",
        "incident_id": "inc_5f0001a82e9cf963",
        "is_incident_location": false,
        "location_name": "France — collection-country fallback; incident place unresolved",
        "method": "collection_country_fallback",
        "sentiment_count": 0,
        "source_count": 1,
        "status": "reported",
        "title": "Deux jeunes hommes sont morts dans un accident de voiture dans les Hautes-Alpes, trois passagers blessés",
        "uncertainty_radius_km": null
      },
      "type": "Feature"
    },
    {
      "geometry": {
        "coordinates": [
          2.2137,
          46.2276
        ],
        "type": "Point"
      },
      "id": "inc_685854c4d0085427",
      "properties": {
        "confidence": 0.12,
        "event_start": "2026-06-17T07:00:00",
        "event_type": "road_crash",
        "granularity": "country",
        "incident_id": "inc_685854c4d0085427",
        "is_incident_location": false,
        "location_name": "France — collection-country fallback; incident place unresolved",
        "method": "collection_country_fallback",
        "sentiment_count": 0,
        "source_count": 1,
        "status": "reported",
        "title": "Quatre jeunes blessés dans un accident de la route à Narrosse, dans les Landes",
        "uncertainty_radius_km": null
      },
      "type": "Feature"
    },
    {
      "geometry": {
        "coordinates": [
          2.2137,
          46.2276
        ],
        "type": "Point"
      },
      "id": "inc_fbedcd34fad953a9",
      "properties": {
        "confidence": 0.12,
        "event_start": "2026-06-21T07:00:00",
        "event_type": "road_crash",
        "granularity": "country",
        "incident_id": "inc_fbedcd34fad953a9",
        "is_incident_location": false,
        "location_name": "France — collection-country fallback; incident place unresolved",
        "method": "collection_country_fallback",
        "sentiment_count": 0,
        "source_count": 1,
        "status": "reported",
        "title": "Accident de la route au Lamentin : un motard grièvement blessé",
        "uncertainty_radius_km": null
      },
      "type": "Feature"
    },
    {
      "geometry": {
        "coordinates": [
          2.2137,
          46.2276
        ],
        "type": "Point"
      },
      "id": "inc_efa94daa66cbbeef",
      "properties": {
        "confidence": 0.12,
        "event_start": "2026-07-15T07:00:00",
        "event_type": "road_crash",
        "granularity": "country",
        "incident_id": "inc_efa94daa66cbbeef",
        "is_incident_location": false,
        "location_name": "France — collection-country fallback; incident place unresolved",
        "method": "collection_country_fallback",
        "sentiment_count": 0,
        "source_count": 1,
        "status": "reported",
        "title": "Un mort et trois blessés dans un accident de la route à Iracoubo",
        "uncertainty_radius_km": null
      },
      "type": "Feature"
    },
    {
      "geometry": {
        "coordinates": [
          2.2137,
          46.2276
        ],
        "type": "Point"
      },
      "id": "inc_69201fb35e947a53",
      "properties": {
        "confidence": 0.12,
        "event_start": "2026-06-06T07:00:00",
        "event_type": "road_crash",
        "granularity": "country",
        "incident_id": "inc_69201fb35e947a53",
        "is_incident_location": false,
        "location_name": "France — collection-country fallback; incident place unresolved",
        "method": "collection_country_fallback",
        "sentiment_count": 0,
        "source_count": 1,
        "status": "reported",
        "title": "Deux morts dans un accident de la route à Ouvéa",
        "uncertainty_radius_km": null
      },
      "type": "Feature"
    },
    {
      "geometry": {
        "coordinates": [
          -3.436,
          55.3781
        ],
        "type": "Point"
      },
      "id": "inc_175bfc5fbc6d88a6",
      "properties": {
        "confidence": 0.12,
        "event_start": "2025-06-18T00:00:00",
        "event_type": "road_crash",
        "granularity": "country",
        "incident_id": "inc_175bfc5fbc6d88a6",
        "is_incident_location": false,
        "location_name": "United Kingdom — collection-country fallback; incident place unresolved",
        "method": "collection_country_fallback",
        "sentiment_count": 0,
        "source_count": 1,
        "status": "reported",
        "title": "M5 crash victims named as inquest opens",
        "uncertainty_radius_km": null
      },
      "type": "Feature"
    },
    {
      "geometry": {
        "coordinates": [
          -3.436,
          55.3781
        ],
        "type": "Point"
      },
      "id": "inc_2f3b6788664dce01",
      "properties": {
        "confidence": 0.12,
        "event_start": "2025-05-31T20:07:00",
        "event_type": "road_crash",
        "granularity": "country",
        "incident_id": "inc_2f3b6788664dce01",
        "is_incident_location": false,
        "location_name": "United Kingdom — collection-country fallback; incident place unresolved",
        "method": "collection_country_fallback",
        "sentiment_count": 0,
        "source_count": 1,
        "status": "reported",
        "title": "Teenager and two adults killed in M5 crash as child fights for life",
        "uncertainty_radius_km": null
      },
      "type": "Feature"
    },
    {
      "geometry": {
        "coordinates": [
          -3.436,
          55.3781
        ],
        "type": "Point"
      },
      "id": "inc_72ce681e52fda388",
      "properties": {
        "confidence": 0.12,
        "event_start": "2026-07-29T12:14:25",
        "event_type": "road_crash",
        "granularity": "country",
        "incident_id": "inc_72ce681e52fda388",
        "is_incident_location": false,
        "location_name": "United Kingdom — collection-country fallback; incident place unresolved",
        "method": "collection_country_fallback",
        "sentiment_count": 0,
        "source_count": 1,
        "status": "reported",
        "title": "Oscar-winning musician Glen Hansard killed in crash",
        "uncertainty_radius_km": null
      },
      "type": "Feature"
    },
    {
      "geometry": {
        "coordinates": [
          -3.436,
          55.3781
        ],
        "type": "Point"
      },
      "id": "inc_7ea07d2df28489f4",
      "properties": {
        "confidence": 0.12,
        "event_start": "2026-06-22T07:00:00",
        "event_type": "road_crash",
        "granularity": "country",
        "incident_id": "inc_7ea07d2df28489f4",
        "is_incident_location": false,
        "location_name": "United Kingdom — collection-country fallback; incident place unresolved",
        "method": "collection_country_fallback",
        "sentiment_count": 0,
        "source_count": 1,
        "status": "reported",
        "title": "Coroner's office IDs motorcyclist killed in Tehachapi traffic collision",
        "uncertainty_radius_km": null
      },
      "type": "Feature"
    },
    {
      "geometry": {
        "coordinates": [
          -3.436,
          55.3781
        ],
        "type": "Point"
      },
      "id": "inc_fc0fff6b9539ac46",
      "properties": {
        "confidence": 0.12,
        "event_start": "2026-08-06T07:54:46",
        "event_type": "road_crash",
        "granularity": "country",
        "incident_id": "inc_fc0fff6b9539ac46",
        "is_incident_location": false,
        "location_name": "United Kingdom — collection-country fallback; incident place unresolved",
        "method": "collection_country_fallback",
        "sentiment_count": 0,
        "source_count": 1,
        "status": "reported",
        "title": "Atiq Ahmed’s son Aaban killed in Jhansi road accident",
        "uncertainty_radius_km": null
      },
      "type": "Feature"
    },
    {
      "geometry": {
        "coordinates": [
          -3.436,
          55.3781
        ],
        "type": "Point"
      },
      "id": "inc_bf0129bb303721c7",
      "properties": {
        "confidence": 0.12,
        "event_start": "2026-05-18T07:00:00",
        "event_type": "road_crash",
        "granularity": "country",
        "incident_id": "inc_bf0129bb303721c7",
        "is_incident_location": false,
        "location_name": "United Kingdom — collection-country fallback; incident place unresolved",
        "method": "collection_country_fallback",
        "sentiment_count": 0,
        "source_count": 1,
        "status": "reported",
        "title": "Indian student killed in road accident near Chicago in US",
        "uncertainty_radius_km": null
      },
      "type": "Feature"
    },
    {
      "geometry": {
        "coordinates": [
          -3.436,
          55.3781
        ],
        "type": "Point"
      },
      "id": "inc_aa0d57e5f1736976",
      "properties": {
        "confidence": 0.12,
        "event_start": "2026-05-20T07:00:00",
        "event_type": "road_crash",
        "granularity": "country",
        "incident_id": "inc_aa0d57e5f1736976",
        "is_incident_location": false,
        "location_name": "United Kingdom — collection-country fallback; incident place unresolved",
        "method": "collection_country_fallback",
        "sentiment_count": 0,
        "source_count": 1,
        "status": "reported",
        "title": "Delhi Motor Accident Claims Tribunal denies compensation to 8-yr-old injured in 2023 accident | Latest News Delhi",
        "uncertainty_radius_km": null
      },
      "type": "Feature"
    },
    {
      "geometry": {
        "coordinates": [
          -3.436,
          55.3781
        ],
        "type": "Point"
      },
      "id": "inc_e0423270c830657e",
      "properties": {
        "confidence": 0.12,
        "event_start": "2026-06-29T07:00:00",
        "event_type": "road_crash",
        "granularity": "country",
        "incident_id": "inc_e0423270c830657e",
        "is_incident_location": false,
        "location_name": "United Kingdom — collection-country fallback; incident place unresolved",
        "method": "collection_country_fallback",
        "sentiment_count": 0,
        "source_count": 1,
        "status": "reported",
        "title": "Teen girl fighting life-threatening injuries after horror motorway crash",
        "uncertainty_radius_km": null
      },
      "type": "Feature"
    },
    {
      "geometry": {
        "coordinates": [
          -3.436,
          55.3781
        ],
        "type": "Point"
      },
      "id": "inc_4b2f09710b6fa69c",
      "properties": {
        "confidence": 0.12,
        "event_start": "2026-08-11T21:35:00",
        "event_type": "road_crash",
        "granularity": "country",
        "incident_id": "inc_4b2f09710b6fa69c",
        "is_incident_location": false,
        "location_name": "United Kingdom — collection-country fallback; incident place unresolved",
        "method": "collection_country_fallback",
        "sentiment_count": 0,
        "source_count": 1,
        "status": "reported",
        "title": "James McHugh's wife dies after Irish sporting icon killed in road collision",
        "uncertainty_radius_km": null
      },
      "type": "Feature"
    },
    {
      "geometry": {
        "coordinates": [
          -3.436,
          55.3781
        ],
        "type": "Point"
      },
      "id": "inc_9903c040312334d9",
      "properties": {
        "confidence": 0.12,
        "event_start": "2026-08-10T06:36:40",
        "event_type": "road_crash",
        "granularity": "country",
        "incident_id": "inc_9903c040312334d9",
        "is_incident_location": false,
        "location_name": "United Kingdom — collection-country fallback; incident place unresolved",
        "method": "collection_country_fallback",
        "sentiment_count": 0,
        "source_count": 1,
        "status": "reported",
        "title": "Drunk Driver Causes Horror Crash in Hyderabad, Army Jawan Killed",
        "uncertainty_radius_km": null
      },
      "type": "Feature"
    },
    {
      "geometry": {
        "coordinates": [
          -1.0232,
          7.9465
        ],
        "type": "Point"
      },
      "id": "inc_1da2a4076b766070",
      "properties": {
        "confidence": 0.18,
        "event_start": "2026-06-02T07:00:00",
        "event_type": "road_crash",
        "granularity": "country",
        "incident_id": "inc_1da2a4076b766070",
        "is_incident_location": false,
        "location_name": "Ghana — collection-country fallback; incident place unresolved",
        "method": "collection_country_fallback",
        "sentiment_count": 0,
        "source_count": 3,
        "status": "reported",
        "title": "Fatal Peki-Tsame road crash claims 15 lives, 25 injured",
        "uncertainty_radius_km": null
      },
      "type": "Feature"
    },
    {
      "geometry": {
        "coordinates": [
          -1.0232,
          7.9465
        ],
        "type": "Point"
      },
      "id": "inc_1088c1ef67e28339",
      "properties": {
        "confidence": 0.12,
        "event_start": "2026-05-12T07:00:00",
        "event_type": "road_crash",
        "granularity": "country",
        "incident_id": "inc_1088c1ef67e28339",
        "is_incident_location": false,
        "location_name": "Ghana — collection-country fallback; incident place unresolved",
        "method": "collection_country_fallback",
        "sentiment_count": 0,
        "source_count": 1,
        "status": "reported",
        "title": "Three killed, 15 injured in Accra-Kumasi highway crash",
        "uncertainty_radius_km": null
      },
      "type": "Feature"
    },
    {
      "geometry": {
        "coordinates": [
          -1.0232,
          7.9465
        ],
        "type": "Point"
      },
      "id": "inc_114d7b49043a2a37",
      "properties": {
        "confidence": 0.12,
        "event_start": "2026-04-05T07:00:00",
        "event_type": "road_crash",
        "granularity": "country",
        "incident_id": "inc_114d7b49043a2a37",
        "is_incident_location": false,
        "location_name": "Ghana — collection-country fallback; incident place unresolved",
        "method": "collection_country_fallback",
        "sentiment_count": 0,
        "source_count": 1,
        "status": "reported",
        "title": "4 dead, 14 injured in Kintampo–Tamale Highway crash",
        "uncertainty_radius_km": null
      },
      "type": "Feature"
    },
    {
      "geometry": {
        "coordinates": [
          -1.0232,
          7.9465
        ],
        "type": "Point"
      },
      "id": "inc_eda2e31afc23c630",
      "properties": {
        "confidence": 0.12,
        "event_start": "2026-07-16T07:00:00",
        "event_type": "road_crash",
        "granularity": "country",
        "incident_id": "inc_eda2e31afc23c630",
        "is_incident_location": false,
        "location_name": "Ghana — collection-country fallback; incident place unresolved",
        "method": "collection_country_fallback",
        "sentiment_count": 0,
        "source_count": 1,
        "status": "reported",
        "title": "Odumase: 13 feared dead, several injured in Kumasi-Accra highway crash",
        "uncertainty_radius_km": null
      },
      "type": "Feature"
    },
    {
      "geometry": {
        "coordinates": [
          -1.0232,
          7.9465
        ],
        "type": "Point"
      },
      "id": "inc_e641ddcb2b16b10b",
      "properties": {
        "confidence": 0.12,
        "event_start": "2026-07-22T07:00:00",
        "event_type": "road_crash",
        "granularity": "country",
        "incident_id": "inc_e641ddcb2b16b10b",
        "is_incident_location": false,
        "location_name": "Ghana — collection-country fallback; incident place unresolved",
        "method": "collection_country_fallback",
        "sentiment_count": 0,
        "source_count": 1,
        "status": "reported",
        "title": "Three killed, 11 injured in Ajumako Kokoben road crash",
        "uncertainty_radius_km": null
      },
      "type": "Feature"
    },
    {
      "geometry": {
        "coordinates": [
          -1.0232,
          7.9465
        ],
        "type": "Point"
      },
      "id": "inc_d03835305c64995a",
      "properties": {
        "confidence": 0.12,
        "event_start": "2026-08-04T16:53:39",
        "event_type": "road_crash",
        "granularity": "country",
        "incident_id": "inc_d03835305c64995a",
        "is_incident_location": false,
        "location_name": "Ghana — collection-country fallback; incident place unresolved",
        "method": "collection_country_fallback",
        "sentiment_count": 0,
        "source_count": 1,
        "status": "reported",
        "title": "Two dead, eight injured in road accident at Dompoase near komenda",
        "uncertainty_radius_km": null
      },
      "type": "Feature"
    },
    {
      "geometry": {
        "coordinates": [
          -1.0232,
          7.9465
        ],
        "type": "Point"
      },
      "id": "inc_c63534687190bbf5",
      "properties": {
        "confidence": 0.12,
        "event_start": "2025-12-18T08:00:00",
        "event_type": "road_crash",
        "granularity": "country",
        "incident_id": "inc_c63534687190bbf5",
        "is_incident_location": false,
        "location_name": "Ghana — collection-country fallback; incident place unresolved",
        "method": "collection_country_fallback",
        "sentiment_count": 0,
        "source_count": 1,
        "status": "reported",
        "title": "Two killed, several injured in head-on crash at Hosita",
        "uncertainty_radius_km": null
      },
      "type": "Feature"
    },
    {
      "geometry": {
        "coordinates": [
          113.9213,
          -0.7893
        ],
        "type": "Point"
      },
      "id": "inc_8e2df6af2d1a96a5",
      "properties": {
        "confidence": 0.18,
        "event_start": "2025-12-21T22:39:00",
        "event_type": "road_crash",
        "granularity": "country",
        "incident_id": "inc_8e2df6af2d1a96a5",
        "is_incident_location": false,
        "location_name": "Indonesia — collection-country fallback; incident place unresolved",
        "method": "collection_country_fallback",
        "sentiment_count": 0,
        "source_count": 4,
        "status": "reported",
        "title": "Passenger bus crash in Indonesia kills at least 16 people",
        "uncertainty_radius_km": null
      },
      "type": "Feature"
    },
    {
      "geometry": {
        "coordinates": [
          113.9213,
          -0.7893
        ],
        "type": "Point"
      },
      "id": "inc_119dca9fa759927c",
      "properties": {
        "confidence": 0.12,
        "event_start": "2024-04-08T03:46:00",
        "event_type": "road_crash",
        "granularity": "country",
        "incident_id": "inc_119dca9fa759927c",
        "is_incident_location": false,
        "location_name": "Indonesia — collection-country fallback; incident place unresolved",
        "method": "collection_country_fallback",
        "sentiment_count": 0,
        "source_count": 1,
        "status": "reported",
        "title": "12 killed in Indonesia highway accident",
        "uncertainty_radius_km": null
      },
      "type": "Feature"
    },
    {
      "geometry": {
        "coordinates": [
          113.9213,
          -0.7893
        ],
        "type": "Point"
      },
      "id": "inc_5060056755afa0c1",
      "properties": {
        "confidence": 0.12,
        "event_start": "2026-08-10T09:23:00",
        "event_type": "road_crash",
        "granularity": "country",
        "incident_id": "inc_5060056755afa0c1",
        "is_incident_location": false,
        "location_name": "Indonesia — collection-country fallback; incident place unresolved",
        "method": "collection_country_fallback",
        "sentiment_count": 0,
        "source_count": 1,
        "status": "reported",
        "title": "Indonesia drag car race crash kills eight: police",
        "uncertainty_radius_km": null
      },
      "type": "Feature"
    },
    {
      "geometry": {
        "coordinates": [
          113.9213,
          -0.7893
        ],
        "type": "Point"
      },
      "id": "inc_efa222ef536789ab",
      "properties": {
        "confidence": 0.12,
        "event_start": "2025-11-14T08:28:00",
        "event_type": "road_crash",
        "granularity": "country",
        "incident_id": "inc_efa222ef536789ab",
        "is_incident_location": false,
        "location_name": "Indonesia — collection-country fallback; incident place unresolved",
        "method": "collection_country_fallback",
        "sentiment_count": 0,
        "source_count": 1,
        "status": "reported",
        "title": "5 Chinese nationals killed, 8 injured in traffic accident in Indonesia's Bali",
        "uncertainty_radius_km": null
      },
      "type": "Feature"
    },
    {
      "geometry": {
        "coordinates": [
          113.9213,
          -0.7893
        ],
        "type": "Point"
      },
      "id": "inc_90a01185a0cbe2a7",
      "properties": {
        "confidence": 0.12,
        "event_start": "2024-05-12T09:25:00",
        "event_type": "road_crash",
        "granularity": "country",
        "incident_id": "inc_90a01185a0cbe2a7",
        "is_incident_location": false,
        "location_name": "Indonesia — collection-country fallback; incident place unresolved",
        "method": "collection_country_fallback",
        "sentiment_count": 0,
        "source_count": 1,
        "status": "reported",
        "title": "11 killed in Indonesia road accident",
        "uncertainty_radius_km": null
      },
      "type": "Feature"
    },
    {
      "geometry": {
        "coordinates": [
          113.9213,
          -0.7893
        ],
        "type": "Point"
      },
      "id": "inc_337b49beb5162752",
      "properties": {
        "confidence": 0.12,
        "event_start": "2025-12-21T20:12:00",
        "event_type": "road_crash",
        "granularity": "country",
        "incident_id": "inc_337b49beb5162752",
        "is_incident_location": false,
        "location_name": "Indonesia — collection-country fallback; incident place unresolved",
        "method": "collection_country_fallback",
        "sentiment_count": 0,
        "source_count": 1,
        "status": "reported",
        "title": "16 Dead, 18 Injured As Passenger Bus Loses Control, Crashes In Indonesia",
        "uncertainty_radius_km": null
      },
      "type": "Feature"
    },
    {
      "geometry": {
        "coordinates": [
          113.9213,
          -0.7893
        ],
        "type": "Point"
      },
      "id": "inc_2354607d28f0c3fe",
      "properties": {
        "confidence": 0.12,
        "event_start": "2024-05-16T05:00:00",
        "event_type": "road_crash",
        "granularity": "country",
        "incident_id": "inc_2354607d28f0c3fe",
        "is_incident_location": false,
        "location_name": "Indonesia — collection-country fallback; incident place unresolved",
        "method": "collection_country_fallback",
        "sentiment_count": 0,
        "source_count": 1,
        "status": "reported",
        "title": "Indonesia’s woeful road safety under spotlight after fatal bus crash exposes negligence",
        "uncertainty_radius_km": null
      },
      "type": "Feature"
    },
    {
      "geometry": {
        "coordinates": [
          78.9629,
          20.5937
        ],
        "type": "Point"
      },
      "id": "inc_72ce8000e8fb5c79",
      "properties": {
        "confidence": 0.12,
        "event_start": "2023-05-30T04:25:00",
        "event_type": "road_crash",
        "granularity": "country",
        "incident_id": "inc_72ce8000e8fb5c79",
        "is_incident_location": false,
        "location_name": "India — collection-country fallback; incident place unresolved",
        "method": "collection_country_fallback",
        "sentiment_count": 0,
        "source_count": 1,
        "status": "reported",
        "title": "10 killed, 55 injured as Katra-bound bus rolls down gorge on Jammu-Srinagar National Highway",
        "uncertainty_radius_km": null
      },
      "type": "Feature"
    },
    {
      "geometry": {
        "coordinates": [
          78.9629,
          20.5937
        ],
        "type": "Point"
      },
      "id": "inc_67c4d8d41bed94d2",
      "properties": {
        "confidence": 0.12,
        "event_start": "2023-05-30T11:29:00",
        "event_type": "road_crash",
        "granularity": "country",
        "incident_id": "inc_67c4d8d41bed94d2",
        "is_incident_location": false,
        "location_name": "India — collection-country fallback; incident place unresolved",
        "method": "collection_country_fallback",
        "sentiment_count": 0,
        "source_count": 1,
        "status": "reported",
        "title": "India: At least 10 killed, 55 injured as bus carrying Hindu pilgrims falls into gorge",
        "uncertainty_radius_km": null
      },
      "type": "Feature"
    },
    {
      "geometry": {
        "coordinates": [
          78.9629,
          20.5937
        ],
        "type": "Point"
      },
      "id": "inc_b070cf1344f71d4f",
      "properties": {
        "confidence": 0.12,
        "event_start": "2022-10-02T10:13:00",
        "event_type": "road_crash",
        "granularity": "country",
        "incident_id": "inc_b070cf1344f71d4f",
        "is_incident_location": false,
        "location_name": "India — collection-country fallback; incident place unresolved",
        "method": "collection_country_fallback",
        "sentiment_count": 0,
        "source_count": 1,
        "status": "reported",
        "title": "27 dead in India road accident",
        "uncertainty_radius_km": null
      },
      "type": "Feature"
    },
    {
      "geometry": {
        "coordinates": [
          78.9629,
          20.5937
        ],
        "type": "Point"
      },
      "id": "inc_a6a21fd274671cf7",
      "properties": {
        "confidence": 0.12,
        "event_start": "2026-02-14T04:40:00",
        "event_type": "road_crash",
        "granularity": "country",
        "incident_id": "inc_a6a21fd274671cf7",
        "is_incident_location": false,
        "location_name": "India — collection-country fallback; incident place unresolved",
        "method": "collection_country_fallback",
        "sentiment_count": 0,
        "source_count": 1,
        "status": "reported",
        "title": "Five killed in car-truck collision on Kota–Jaipur highway in Rajasthan",
        "uncertainty_radius_km": null
      },
      "type": "Feature"
    },
    {
      "geometry": {
        "coordinates": [
          78.9629,
          20.5937
        ],
        "type": "Point"
      },
      "id": "inc_ce4917a9c11eaa79",
      "properties": {
        "confidence": 0.12,
        "event_start": "2026-04-15T19:46:00",
        "event_type": "road_crash",
        "granularity": "country",
        "incident_id": "inc_ce4917a9c11eaa79",
        "is_incident_location": false,
        "location_name": "India — collection-country fallback; incident place unresolved",
        "method": "collection_country_fallback",
        "sentiment_count": 0,
        "source_count": 1,
        "status": "reported",
        "title": "Andhra accident: Eight pilgrims killed, several injured after car collides with lorry in Kurnool",
        "uncertainty_radius_km": null
      },
      "type": "Feature"
    },
    {
      "geometry": {
        "coordinates": [
          78.9629,
          20.5937
        ],
        "type": "Point"
      },
      "id": "inc_be3235a3439446ad",
      "properties": {
        "confidence": 0.12,
        "event_start": "2024-11-04T11:39:00",
        "event_type": "road_crash",
        "granularity": "country",
        "incident_id": "inc_be3235a3439446ad",
        "is_incident_location": false,
        "location_name": "India — collection-country fallback; incident place unresolved",
        "method": "collection_country_fallback",
        "sentiment_count": 0,
        "source_count": 1,
        "status": "reported",
        "title": "36 dead in India bus crash",
        "uncertainty_radius_km": null
      },
      "type": "Feature"
    },
    {
      "geometry": {
        "coordinates": [
          78.9629,
          20.5937
        ],
        "type": "Point"
      },
      "id": "inc_aef209a01d4e8df4",
      "properties": {
        "confidence": 0.12,
        "event_start": "2017-07-19T17:00:00",
        "event_type": "road_crash",
        "granularity": "country",
        "incident_id": "inc_aef209a01d4e8df4",
        "is_incident_location": false,
        "location_name": "India — collection-country fallback; incident place unresolved",
        "method": "collection_country_fallback",
        "sentiment_count": 0,
        "source_count": 1,
        "status": "reported",
        "title": "India bus crash",
        "uncertainty_radius_km": null
      },
      "type": "Feature"
    },
    {
      "geometry": {
        "coordinates": [
          78.9629,
          20.5937
        ],
        "type": "Point"
      },
      "id": "inc_1acf180feb4d142e",
      "properties": {
        "confidence": 0.12,
        "event_start": "2026-01-07T15:59:00",
        "event_type": "road_crash",
        "granularity": "country",
        "incident_id": "inc_1acf180feb4d142e",
        "is_incident_location": false,
        "location_name": "India — collection-country fallback; incident place unresolved",
        "method": "collection_country_fallback",
        "sentiment_count": 0,
        "source_count": 1,
        "status": "reported",
        "title": "India road accident",
        "uncertainty_radius_km": null
      },
      "type": "Feature"
    },
    {
      "geometry": {
        "coordinates": [
          78.9629,
          20.5937
        ],
        "type": "Point"
      },
      "id": "inc_f8e2b635d7c89065",
      "properties": {
        "confidence": 0.12,
        "event_start": "2026-08-09T22:06:00",
        "event_type": "road_crash",
        "granularity": "country",
        "incident_id": "inc_f8e2b635d7c89065",
        "is_incident_location": false,
        "location_name": "India — collection-country fallback; incident place unresolved",
        "method": "collection_country_fallback",
        "sentiment_count": 0,
        "source_count": 1,
        "status": "reported",
        "title": "Haveri Bus Accident Leaves One Dead, Over 20 Injured On NH-48",
        "uncertainty_radius_km": null
      },
      "type": "Feature"
    },
    {
      "geometry": {
        "coordinates": [
          78.9629,
          20.5937
        ],
        "type": "Point"
      },
      "id": "inc_199fb74324512add",
      "properties": {
        "confidence": 0.12,
        "event_start": "2026-08-08T05:18:00",
        "event_type": "road_crash",
        "granularity": "country",
        "incident_id": "inc_199fb74324512add",
        "is_incident_location": false,
        "location_name": "India — collection-country fallback; incident place unresolved",
        "method": "collection_country_fallback",
        "sentiment_count": 0,
        "source_count": 1,
        "status": "reported",
        "title": "KSRTC bus accident: Staff working hours to be examined, says Minister John",
        "uncertainty_radius_km": null
      },
      "type": "Feature"
    },
    {
      "geometry": {
        "coordinates": [
          -7.6921,
          53.1424
        ],
        "type": "Point"
      },
      "id": "inc_ef1b5b4c069a5151",
      "properties": {
        "confidence": 0.13999999999999999,
        "event_start": "2026-05-18T07:00:00",
        "event_type": "road_crash",
        "granularity": "country",
        "incident_id": "inc_ef1b5b4c069a5151",
        "is_incident_location": false,
        "location_name": "Ireland — collection-country fallback; incident place unresolved",
        "method": "collection_country_fallback",
        "sentiment_count": 0,
        "source_count": 2,
        "status": "reported",
        "title": "One dead after two-vehicle collision near Omagh",
        "uncertainty_radius_km": null
      },
      "type": "Feature"
    },
    {
      "geometry": {
        "coordinates": [
          -7.6921,
          53.1424
        ],
        "type": "Point"
      },
      "id": "inc_777f6ec70eaf4edf",
      "properties": {
        "confidence": 0.13999999999999999,
        "event_start": "2026-07-25T07:00:00",
        "event_type": "road_crash",
        "granularity": "country",
        "incident_id": "inc_777f6ec70eaf4edf",
        "is_incident_location": false,
        "location_name": "Ireland — collection-country fallback; incident place unresolved",
        "method": "collection_country_fallback",
        "sentiment_count": 0,
        "source_count": 1,
        "status": "reported",
        "title": "Cavan: Woman and child dies and in two-vehicle collision",
        "uncertainty_radius_km": null
      },
      "type": "Feature"
    },
    {
      "geometry": {
        "coordinates": [
          -7.6921,
          53.1424
        ],
        "type": "Point"
      },
      "id": "inc_6a6ba433ed189808",
      "properties": {
        "confidence": 0.12,
        "event_start": "2026-06-28T07:00:00",
        "event_type": "road_crash",
        "granularity": "country",
        "incident_id": "inc_6a6ba433ed189808",
        "is_incident_location": false,
        "location_name": "Ireland — collection-country fallback; incident place unresolved",
        "method": "collection_country_fallback",
        "sentiment_count": 0,
        "source_count": 1,
        "status": "reported",
        "title": "Three Irish people killed in road crash in Spain",
        "uncertainty_radius_km": null
      },
      "type": "Feature"
    },
    {
      "geometry": {
        "coordinates": [
          -7.6921,
          53.1424
        ],
        "type": "Point"
      },
      "id": "inc_be87bc4f89f62f30",
      "properties": {
        "confidence": 0.12,
        "event_start": "2026-08-11T06:06:51",
        "event_type": "road_crash",
        "granularity": "country",
        "incident_id": "inc_be87bc4f89f62f30",
        "is_incident_location": false,
        "location_name": "Ireland — collection-country fallback; incident place unresolved",
        "method": "collection_country_fallback",
        "sentiment_count": 0,
        "source_count": 1,
        "status": "reported",
        "title": "Former Donegal All-Ireland winner dies in tragic Cavan road crash",
        "uncertainty_radius_km": null
      },
      "type": "Feature"
    },
    {
      "geometry": {
        "coordinates": [
          -7.6921,
          53.1424
        ],
        "type": "Point"
      },
      "id": "inc_229fa8bb8a8f5baf",
      "properties": {
        "confidence": 0.12,
        "event_start": "2026-08-02T21:35:00",
        "event_type": "road_crash",
        "granularity": "country",
        "incident_id": "inc_229fa8bb8a8f5baf",
        "is_incident_location": false,
        "location_name": "Ireland — collection-country fallback; incident place unresolved",
        "method": "collection_country_fallback",
        "sentiment_count": 0,
        "source_count": 1,
        "status": "reported",
        "title": "Man (20s) dies and woman seriously injured following road crash in Co Donegal",
        "uncertainty_radius_km": null
      },
      "type": "Feature"
    },
    {
      "geometry": {
        "coordinates": [
          -7.6921,
          53.1424
        ],
        "type": "Point"
      },
      "id": "inc_738caadd9ec2c70d",
      "properties": {
        "confidence": 0.12,
        "event_start": "2026-07-29T07:00:00",
        "event_type": "road_crash",
        "granularity": "country",
        "incident_id": "inc_738caadd9ec2c70d",
        "is_incident_location": false,
        "location_name": "Ireland — collection-country fallback; incident place unresolved",
        "method": "collection_country_fallback",
        "sentiment_count": 0,
        "source_count": 1,
        "status": "reported",
        "title": "Funeral details announced of mother and daughter killed in Cavan road crash",
        "uncertainty_radius_km": null
      },
      "type": "Feature"
    },
    {
      "geometry": {
        "coordinates": [
          -7.6921,
          53.1424
        ],
        "type": "Point"
      },
      "id": "inc_983a2ff99658e60a",
      "properties": {
        "confidence": 0.12,
        "event_start": "2026-08-11T08:29:48",
        "event_type": "road_crash",
        "granularity": "country",
        "incident_id": "inc_983a2ff99658e60a",
        "is_incident_location": false,
        "location_name": "Ireland — collection-country fallback; incident place unresolved",
        "method": "collection_country_fallback",
        "sentiment_count": 0,
        "source_count": 1,
        "status": "reported",
        "title": "All-Ireland-winning Donegal football star James McHugh killed in crash",
        "uncertainty_radius_km": null
      },
      "type": "Feature"
    },
    {
      "geometry": {
        "coordinates": [
          -7.6921,
          53.1424
        ],
        "type": "Point"
      },
      "id": "inc_4b9e94fcbbe3ac86",
      "properties": {
        "confidence": 0.12,
        "event_start": "2026-08-11T09:35:00",
        "event_type": "road_crash",
        "granularity": "country",
        "incident_id": "inc_4b9e94fcbbe3ac86",
        "is_incident_location": false,
        "location_name": "Ireland — collection-country fallback; incident place unresolved",
        "method": "collection_country_fallback",
        "sentiment_count": 0,
        "source_count": 1,
        "status": "reported",
        "title": "Woman aged in her 80s pronounced dead following road traffic collision in Kildare",
        "uncertainty_radius_km": null
      },
      "type": "Feature"
    },
    {
      "geometry": {
        "coordinates": [
          12.5674,
          41.8719
        ],
        "type": "Point"
      },
      "id": "inc_ebd686580517c84a",
      "properties": {
        "confidence": 0.16,
        "event_start": "2026-06-19T07:00:00",
        "event_type": "road_crash",
        "granularity": "country",
        "incident_id": "inc_ebd686580517c84a",
        "is_incident_location": false,
        "location_name": "Italy — collection-country fallback; incident place unresolved",
        "method": "collection_country_fallback",
        "sentiment_count": 0,
        "source_count": 3,
        "status": "reported",
        "title": "Morta bimba di 4 anni in un incidente stradale, due feriti gravi",
        "uncertainty_radius_km": null
      },
      "type": "Feature"
    },
    {
      "geometry": {
        "coordinates": [
          12.5674,
          41.8719
        ],
        "type": "Point"
      },
      "id": "inc_57987e96201aa6e6",
      "properties": {
        "confidence": 0.12,
        "event_start": "2026-05-28T07:00:00",
        "event_type": "road_crash",
        "granularity": "country",
        "incident_id": "inc_57987e96201aa6e6",
        "is_incident_location": false,
        "location_name": "Italy — collection-country fallback; incident place unresolved",
        "method": "collection_country_fallback",
        "sentiment_count": 0,
        "source_count": 1,
        "status": "reported",
        "title": "Scansano: tre feriti , tra cui un neonato,in un incidente stradale di un’auto finita contro un albero. Grave una 58enne portata in codice 3 all’ospedale di Grosseto",
        "uncertainty_radius_km": null
      },
      "type": "Feature"
    },
    {
      "geometry": {
        "coordinates": [
          12.5674,
          41.8719
        ],
        "type": "Point"
      },
      "id": "inc_bfbe569f4343eafb",
      "properties": {
        "confidence": 0.12,
        "event_start": "2026-06-01T07:00:00",
        "event_type": "road_crash",
        "granularity": "country",
        "incident_id": "inc_bfbe569f4343eafb",
        "is_incident_location": false,
        "location_name": "Italy — collection-country fallback; incident place unresolved",
        "method": "collection_country_fallback",
        "sentiment_count": 0,
        "source_count": 1,
        "status": "reported",
        "title": "Oikonomou morto in un incidente stradale: l'ex difensore di Bologna, Samp e Bari aveva 33 anni",
        "uncertainty_radius_km": null
      },
      "type": "Feature"
    },
    {
      "geometry": {
        "coordinates": [
          12.5674,
          41.8719
        ],
        "type": "Point"
      },
      "id": "inc_1786d49af70e2454",
      "properties": {
        "confidence": 0.12,
        "event_start": "2026-08-02T07:00:00",
        "event_type": "road_crash",
        "granularity": "country",
        "incident_id": "inc_1786d49af70e2454",
        "is_incident_location": false,
        "location_name": "Italy — collection-country fallback; incident place unresolved",
        "method": "collection_country_fallback",
        "sentiment_count": 0,
        "source_count": 1,
        "status": "reported",
        "title": "Un gravissimo incidente stradale sulla Statale 79 Ternana, nel tratto che collega Rieti e Terni. Secondo le prime ricostruzioni, un camper che viaggiava in direzione Umbria avrebbe improvvisamente invaso la corsia opposta, centrando in pieno un autobus nav",
        "uncertainty_radius_km": null
      },
      "type": "Feature"
    },
    {
      "geometry": {
        "coordinates": [
          12.5674,
          41.8719
        ],
        "type": "Point"
      },
      "id": "inc_43f2010274597dc8",
      "properties": {
        "confidence": 0.12,
        "event_start": "2026-06-15T07:00:00",
        "event_type": "road_crash",
        "granularity": "country",
        "incident_id": "inc_43f2010274597dc8",
        "is_incident_location": false,
        "location_name": "Italy — collection-country fallback; incident place unresolved",
        "method": "collection_country_fallback",
        "sentiment_count": 0,
        "source_count": 1,
        "status": "reported",
        "title": "Incidente in corso Europa: morto il motociclista 67enne",
        "uncertainty_radius_km": null
      },
      "type": "Feature"
    },
    {
      "geometry": {
        "coordinates": [
          12.5674,
          41.8719
        ],
        "type": "Point"
      },
      "id": "inc_5894c0372a584e16",
      "properties": {
        "confidence": 0.12,
        "event_start": "2026-07-05T07:00:00",
        "event_type": "road_crash",
        "granularity": "country",
        "incident_id": "inc_5894c0372a584e16",
        "is_incident_location": false,
        "location_name": "Italy — collection-country fallback; incident place unresolved",
        "method": "collection_country_fallback",
        "sentiment_count": 0,
        "source_count": 1,
        "status": "reported",
        "title": "Incidente stradale nell'Alessandrino, un morto e un ferito",
        "uncertainty_radius_km": null
      },
      "type": "Feature"
    },
    {
      "geometry": {
        "coordinates": [
          12.5674,
          41.8719
        ],
        "type": "Point"
      },
      "id": "inc_d2e4bb4ba36ee458",
      "properties": {
        "confidence": 0.12,
        "event_start": "2026-06-28T07:00:00",
        "event_type": "road_crash",
        "granularity": "country",
        "incident_id": "inc_d2e4bb4ba36ee458",
        "is_incident_location": false,
        "location_name": "Italy — collection-country fallback; incident place unresolved",
        "method": "collection_country_fallback",
        "sentiment_count": 0,
        "source_count": 1,
        "status": "reported",
        "title": "Incidente stradale sulla statale, un morto e quattro feriti",
        "uncertainty_radius_km": null
      },
      "type": "Feature"
    },
    {
      "geometry": {
        "coordinates": [
          12.5674,
          41.8719
        ],
        "type": "Point"
      },
      "id": "inc_b2448c3e392516df",
      "properties": {
        "confidence": 0.12,
        "event_start": "2026-06-15T07:00:00",
        "event_type": "road_crash",
        "granularity": "country",
        "incident_id": "inc_b2448c3e392516df",
        "is_incident_location": false,
        "location_name": "Italy — collection-country fallback; incident place unresolved",
        "method": "collection_country_fallback",
        "sentiment_count": 0,
        "source_count": 1,
        "status": "reported",
        "title": "Incidente stradale ad Ancona, morto un altro ragazzo di 20 anni",
        "uncertainty_radius_km": null
      },
      "type": "Feature"
    },
    {
      "geometry": {
        "coordinates": [
          36.2384,
          30.5852
        ],
        "type": "Point"
      },
      "id": "inc_962fce969b17f529",
      "properties": {
        "confidence": 0.12,
        "event_start": "2013-03-16T06:00:00",
        "event_type": "road_crash",
        "granularity": "country",
        "incident_id": "inc_962fce969b17f529",
        "is_incident_location": false,
        "location_name": "Jordan — collection-country fallback; incident place unresolved",
        "method": "collection_country_fallback",
        "sentiment_count": 0,
        "source_count": 1,
        "status": "reported",
        "title": "15 dead and 31 injured in Al-Adasiya pilgrim-bus and truck collision",
        "uncertainty_radius_km": null
      },
      "type": "Feature"
    },
    {
      "geometry": {
        "coordinates": [
          36.2384,
          30.5852
        ],
        "type": "Point"
      },
      "id": "inc_f51da73247fd38d8",
      "properties": {
        "confidence": 0.12,
        "event_start": "2013-03-16T06:00:00",
        "event_type": "road_crash",
        "granularity": "country",
        "incident_id": "inc_f51da73247fd38d8",
        "is_incident_location": false,
        "location_name": "Jordan — collection-country fallback; incident place unresolved",
        "method": "collection_country_fallback",
        "sentiment_count": 0,
        "source_count": 1,
        "status": "reported",
        "title": "Palestinian pilgrims killed in Jordan Valley bus crash",
        "uncertainty_radius_km": null
      },
      "type": "Feature"
    },
    {
      "geometry": {
        "coordinates": [
          36.2384,
          30.5852
        ],
        "type": "Point"
      },
      "id": "inc_a9ab4d5138a1cbab",
      "properties": {
        "confidence": 0.16,
        "event_start": "2026-05-03T21:24:00",
        "event_type": "road_crash",
        "granularity": "country",
        "incident_id": "inc_a9ab4d5138a1cbab",
        "is_incident_location": false,
        "location_name": "Jordan — collection-country fallback; incident place unresolved",
        "method": "collection_country_fallback",
        "sentiment_count": 0,
        "source_count": 3,
        "status": "reported",
        "title": "Motorcyclist dead after crash with car in West Jordan",
        "uncertainty_radius_km": null
      },
      "type": "Feature"
    },
    {
      "geometry": {
        "coordinates": [
          36.2384,
          30.5852
        ],
        "type": "Point"
      },
      "id": "inc_eedee403cffa237e",
      "properties": {
        "confidence": 0.12,
        "event_start": "2013-03-16T03:57:00",
        "event_type": "road_crash",
        "granularity": "country",
        "incident_id": "inc_eedee403cffa237e",
        "is_incident_location": false,
        "location_name": "Jordan — collection-country fallback; incident place unresolved",
        "method": "collection_country_fallback",
        "sentiment_count": 0,
        "source_count": 1,
        "status": "reported",
        "title": "مصرع 15 معتمرًا فلسطينيًا في حادث مروري بالأردن (محدث)",
        "uncertainty_radius_km": null
      },
      "type": "Feature"
    },
    {
      "geometry": {
        "coordinates": [
          36.2384,
          30.5852
        ],
        "type": "Point"
      },
      "id": "inc_956a1bf826838de5",
      "properties": {
        "confidence": 0.12,
        "event_start": "2025-07-10T04:12:00",
        "event_type": "road_crash",
        "granularity": "country",
        "incident_id": "inc_956a1bf826838de5",
        "is_incident_location": false,
        "location_name": "Jordan — collection-country fallback; incident place unresolved",
        "method": "collection_country_fallback",
        "sentiment_count": 0,
        "source_count": 1,
        "status": "reported",
        "title": "1 killed, 10 injured in road accidents in Jordan",
        "uncertainty_radius_km": null
      },
      "type": "Feature"
    },
    {
      "geometry": {
        "coordinates": [
          36.2384,
          30.5852
        ],
        "type": "Point"
      },
      "id": "inc_66cb83b9172783bb",
      "properties": {
        "confidence": 0.12,
        "event_start": "2026-08-10T13:36:00",
        "event_type": "road_crash",
        "granularity": "country",
        "incident_id": "inc_66cb83b9172783bb",
        "is_incident_location": false,
        "location_name": "Jordan — collection-country fallback; incident place unresolved",
        "method": "collection_country_fallback",
        "sentiment_count": 0,
        "source_count": 1,
        "status": "reported",
        "title": "West Jordan Man Dies Trapped Under Car After Rollover at Busy Intersection",
        "uncertainty_radius_km": null
      },
      "type": "Feature"
    },
    {
      "geometry": {
        "coordinates": [
          36.2384,
          30.5852
        ],
        "type": "Point"
      },
      "id": "inc_fff6eba3330e08cb",
      "properties": {
        "confidence": 0.12,
        "event_start": "2016-09-17T16:01:00",
        "event_type": "road_crash",
        "granularity": "country",
        "incident_id": "inc_fff6eba3330e08cb",
        "is_incident_location": false,
        "location_name": "Jordan — collection-country fallback; incident place unresolved",
        "method": "collection_country_fallback",
        "sentiment_count": 0,
        "source_count": 1,
        "status": "reported",
        "title": "Bodybuilder among five killed in Amman road accident",
        "uncertainty_radius_km": null
      },
      "type": "Feature"
    },
    {
      "geometry": {
        "coordinates": [
          36.2384,
          30.5852
        ],
        "type": "Point"
      },
      "id": "inc_3239fb5accf8e153",
      "properties": {
        "confidence": 0.12,
        "event_start": "2016-09-03T16:53:00",
        "event_type": "road_crash",
        "granularity": "country",
        "incident_id": "inc_3239fb5accf8e153",
        "is_incident_location": false,
        "location_name": "Jordan — collection-country fallback; incident place unresolved",
        "method": "collection_country_fallback",
        "sentiment_count": 0,
        "source_count": 1,
        "status": "reported",
        "title": "Young couple killed, actor in critical condition after Amman road accident",
        "uncertainty_radius_km": null
      },
      "type": "Feature"
    },
    {
      "geometry": {
        "coordinates": [
          138.2529,
          36.2048
        ],
        "type": "Point"
      },
      "id": "inc_ca154ba4d75818c4",
      "properties": {
        "confidence": 0.12,
        "event_start": "2025-09-29T11:45:00",
        "event_type": "road_crash",
        "granularity": "country",
        "incident_id": "inc_ca154ba4d75818c4",
        "is_incident_location": false,
        "location_name": "Japan — collection-country fallback; incident place unresolved",
        "method": "collection_country_fallback",
        "sentiment_count": 0,
        "source_count": 1,
        "status": "reported",
        "title": "【詳報】園児含む11人搬送、運転手死亡 幼稚園バスが住宅に突っ込む",
        "uncertainty_radius_km": null
      },
      "type": "Feature"
    },
    {
      "geometry": {
        "coordinates": [
          138.2529,
          36.2048
        ],
        "type": "Point"
      },
      "id": "inc_ffa9589057a7dcc7",
      "properties": {
        "confidence": 0.12,
        "event_start": "2025-09-30T08:33:00",
        "event_type": "road_crash",
        "granularity": "country",
        "incident_id": "inc_ffa9589057a7dcc7",
        "is_incident_location": false,
        "location_name": "Japan — collection-country fallback; incident place unresolved",
        "method": "collection_country_fallback",
        "sentiment_count": 0,
        "source_count": 1,
        "status": "reported",
        "title": "1 dead and 10 injured after kindergarten bus crashes into house in Japan",
        "uncertainty_radius_km": null
      },
      "type": "Feature"
    },
    {
      "geometry": {
        "coordinates": [
          138.2529,
          36.2048
        ],
        "type": "Point"
      },
      "id": "inc_759135daef76d10d",
      "properties": {
        "confidence": 0.12,
        "event_start": "2026-08-02T15:49:00",
        "event_type": "road_crash",
        "granularity": "country",
        "incident_id": "inc_759135daef76d10d",
        "is_incident_location": false,
        "location_name": "Japan — collection-country fallback; incident place unresolved",
        "method": "collection_country_fallback",
        "sentiment_count": 0,
        "source_count": 1,
        "status": "reported",
        "title": "1 killed, 2 critically injured in head-on vehicle collision near Tokyo",
        "uncertainty_radius_km": null
      },
      "type": "Feature"
    },
    {
      "geometry": {
        "coordinates": [
          138.2529,
          36.2048
        ],
        "type": "Point"
      },
      "id": "inc_d18187534aa5b31f",
      "properties": {
        "confidence": 0.12,
        "event_start": "2025-09-29T04:52:00",
        "event_type": "road_crash",
        "granularity": "country",
        "incident_id": "inc_d18187534aa5b31f",
        "is_incident_location": false,
        "location_name": "Japan — collection-country fallback; incident place unresolved",
        "method": "collection_country_fallback",
        "sentiment_count": 0,
        "source_count": 1,
        "status": "reported",
        "title": "送迎中の幼稚園バス事故で男性運転手死亡 園児9人と女性教諭搬送",
        "uncertainty_radius_km": null
      },
      "type": "Feature"
    },
    {
      "geometry": {
        "coordinates": [
          138.2529,
          36.2048
        ],
        "type": "Point"
      },
      "id": "inc_c68a6867e9d11e8f",
      "properties": {
        "confidence": 0.12,
        "event_start": "2025-09-29T00:00:00",
        "event_type": "road_crash",
        "granularity": "country",
        "incident_id": "inc_c68a6867e9d11e8f",
        "is_incident_location": false,
        "location_name": "Japan — collection-country fallback; incident place unresolved",
        "method": "collection_country_fallback",
        "sentiment_count": 0,
        "source_count": 1,
        "status": "reported",
        "title": "Chiba: Muere conductor de autobús escolar tras chocar contra una casa",
        "uncertainty_radius_km": null
      },
      "type": "Feature"
    },
    {
      "geometry": {
        "coordinates": [
          138.2529,
          36.2048
        ],
        "type": "Point"
      },
      "id": "inc_d52be364a8fcacae",
      "properties": {
        "confidence": 0.12,
        "event_start": "2026-07-19T21:32:00",
        "event_type": "road_crash",
        "granularity": "country",
        "incident_id": "inc_d52be364a8fcacae",
        "is_incident_location": false,
        "location_name": "Japan — collection-country fallback; incident place unresolved",
        "method": "collection_country_fallback",
        "sentiment_count": 0,
        "source_count": 1,
        "status": "reported",
        "title": "2 die in highway collision in western Japan, wrong-way driving suspected",
        "uncertainty_radius_km": null
      },
      "type": "Feature"
    },
    {
      "geometry": {
        "coordinates": [
          138.2529,
          36.2048
        ],
        "type": "Point"
      },
      "id": "inc_e70a3e44e0e04ba4",
      "properties": {
        "confidence": 0.12,
        "event_start": "2025-11-24T01:14:00",
        "event_type": "road_crash",
        "granularity": "country",
        "incident_id": "inc_e70a3e44e0e04ba4",
        "is_incident_location": false,
        "location_name": "Japan — collection-country fallback; incident place unresolved",
        "method": "collection_country_fallback",
        "sentiment_count": 0,
        "source_count": 1,
        "status": "reported",
        "title": "Tokyo crash carnage as car hits crowd leaving at least one dead before 'driver flees'",
        "uncertainty_radius_km": null
      },
      "type": "Feature"
    },
    {
      "geometry": {
        "coordinates": [
          138.2529,
          36.2048
        ],
        "type": "Point"
      },
      "id": "inc_964dae6b996e364e",
      "properties": {
        "confidence": 0.12,
        "event_start": "2025-09-29T00:00:00",
        "event_type": "road_crash",
        "granularity": "country",
        "incident_id": "inc_964dae6b996e364e",
        "is_incident_location": false,
        "location_name": "Japan — collection-country fallback; incident place unresolved",
        "method": "collection_country_fallback",
        "sentiment_count": 0,
        "source_count": 1,
        "status": "reported",
        "title": "幼稚園バスが住宅突っ込む、千葉 運転手死亡、園児6人軽傷",
        "uncertainty_radius_km": null
      },
      "type": "Feature"
    },
    {
      "geometry": {
        "coordinates": [
          138.2529,
          36.2048
        ],
        "type": "Point"
      },
      "id": "inc_39ccf37485f4ce59",
      "properties": {
        "confidence": 0.12,
        "event_start": "2025-09-29T03:54:00",
        "event_type": "road_crash",
        "granularity": "country",
        "incident_id": "inc_39ccf37485f4ce59",
        "is_incident_location": false,
        "location_name": "Japan — collection-country fallback; incident place unresolved",
        "method": "collection_country_fallback",
        "sentiment_count": 0,
        "source_count": 1,
        "status": "reported",
        "title": "幼稚園バスの運転手死亡 住宅に突っ込む事故 搬送の園児ら、けがの程度不明",
        "uncertainty_radius_km": null
      },
      "type": "Feature"
    },
    {
      "geometry": {
        "coordinates": [
          138.2529,
          36.2048
        ],
        "type": "Point"
      },
      "id": "inc_172ff7d8516513c2",
      "properties": {
        "confidence": 0.12,
        "event_start": "2025-09-30T00:00:00",
        "event_type": "road_crash",
        "granularity": "country",
        "incident_id": "inc_172ff7d8516513c2",
        "is_incident_location": false,
        "location_name": "Japan — collection-country fallback; incident place unresolved",
        "method": "collection_country_fallback",
        "sentiment_count": 0,
        "source_count": 1,
        "status": "reported",
        "title": "鎌ケ谷市の幼稚園送迎バスが衝突、運転手死亡",
        "uncertainty_radius_km": null
      },
      "type": "Feature"
    },
    {
      "geometry": {
        "coordinates": [
          37.9062,
          -0.0236
        ],
        "type": "Point"
      },
      "id": "inc_a94c32e550e9c803",
      "properties": {
        "confidence": 0.13999999999999999,
        "event_start": "2026-03-05T08:00:00",
        "event_type": "road_crash",
        "granularity": "country",
        "incident_id": "inc_a94c32e550e9c803",
        "is_incident_location": false,
        "location_name": "Kenya — collection-country fallback; incident place unresolved",
        "method": "collection_country_fallback",
        "sentiment_count": 0,
        "source_count": 2,
        "status": "reported",
        "title": "Six Dead, Several Injured in Nairobi-Mombasa Highway Crash",
        "uncertainty_radius_km": null
      },
      "type": "Feature"
    },
    {
      "geometry": {
        "coordinates": [
          37.9062,
          -0.0236
        ],
        "type": "Point"
      },
      "id": "inc_a5cee691df320ecd",
      "properties": {
        "confidence": 0.12,
        "event_start": "2026-02-24T08:00:00",
        "event_type": "road_crash",
        "granularity": "country",
        "incident_id": "inc_a5cee691df320ecd",
        "is_incident_location": false,
        "location_name": "Kenya — collection-country fallback; incident place unresolved",
        "method": "collection_country_fallback",
        "sentiment_count": 0,
        "source_count": 1,
        "status": "reported",
        "title": "Belgian tourist, tour driver killed in crash on Mombasa road",
        "uncertainty_radius_km": null
      },
      "type": "Feature"
    },
    {
      "geometry": {
        "coordinates": [
          37.9062,
          -0.0236
        ],
        "type": "Point"
      },
      "id": "inc_afbc007467fb0b84",
      "properties": {
        "confidence": 0.12,
        "event_start": "2026-01-23T08:00:00",
        "event_type": "road_crash",
        "granularity": "country",
        "incident_id": "inc_afbc007467fb0b84",
        "is_incident_location": false,
        "location_name": "Kenya — collection-country fallback; incident place unresolved",
        "method": "collection_country_fallback",
        "sentiment_count": 0,
        "source_count": 1,
        "status": "reported",
        "title": "Emotions as three US-based siblings perish in a road accident in Kenya",
        "uncertainty_radius_km": null
      },
      "type": "Feature"
    },
    {
      "geometry": {
        "coordinates": [
          37.9062,
          -0.0236
        ],
        "type": "Point"
      },
      "id": "inc_3cca6ba61a72586a",
      "properties": {
        "confidence": 0.12,
        "event_start": "2026-01-28T08:00:00",
        "event_type": "road_crash",
        "granularity": "country",
        "incident_id": "inc_3cca6ba61a72586a",
        "is_incident_location": false,
        "location_name": "Kenya — collection-country fallback; incident place unresolved",
        "method": "collection_country_fallback",
        "sentiment_count": 0,
        "source_count": 1,
        "status": "reported",
        "title": "Three killed, several injured in Yaya–Kawangware road crash",
        "uncertainty_radius_km": null
      },
      "type": "Feature"
    },
    {
      "geometry": {
        "coordinates": [
          37.9062,
          -0.0236
        ],
        "type": "Point"
      },
      "id": "inc_e767da158e9cded5",
      "properties": {
        "confidence": 0.12,
        "event_start": "2026-06-24T07:00:00",
        "event_type": "road_crash",
        "granularity": "country",
        "incident_id": "inc_e767da158e9cded5",
        "is_incident_location": false,
        "location_name": "Kenya — collection-country fallback; incident place unresolved",
        "method": "collection_country_fallback",
        "sentiment_count": 0,
        "source_count": 1,
        "status": "reported",
        "title": "One Killed in Mwingi Highway Crash Involving Ambasa Coach Bus",
        "uncertainty_radius_km": null
      },
      "type": "Feature"
    },
    {
      "geometry": {
        "coordinates": [
          37.9062,
          -0.0236
        ],
        "type": "Point"
      },
      "id": "inc_05755bedcec3a707",
      "properties": {
        "confidence": 0.12,
        "event_start": "2026-03-29T07:00:00",
        "event_type": "road_crash",
        "granularity": "country",
        "incident_id": "inc_05755bedcec3a707",
        "is_incident_location": false,
        "location_name": "Kenya — collection-country fallback; incident place unresolved",
        "method": "collection_country_fallback",
        "sentiment_count": 0,
        "source_count": 1,
        "status": "reported",
        "title": "At least 15 killed in road accident in central Kenya",
        "uncertainty_radius_km": null
      },
      "type": "Feature"
    },
    {
      "geometry": {
        "coordinates": [
          37.9062,
          -0.0236
        ],
        "type": "Point"
      },
      "id": "inc_8b5402edbbf77cad",
      "properties": {
        "confidence": 0.12,
        "event_start": "2025-12-13T08:00:00",
        "event_type": "road_crash",
        "granularity": "country",
        "incident_id": "inc_8b5402edbbf77cad",
        "is_incident_location": false,
        "location_name": "Kenya — collection-country fallback; incident place unresolved",
        "method": "collection_country_fallback",
        "sentiment_count": 0,
        "source_count": 1,
        "status": "reported",
        "title": "Driver of Bus Involved in Collision with Jirongo's Car Narrates Moments Before Crash",
        "uncertainty_radius_km": null
      },
      "type": "Feature"
    },
    {
      "geometry": {
        "coordinates": [
          37.9062,
          -0.0236
        ],
        "type": "Point"
      },
      "id": "inc_4238729aa8437c05",
      "properties": {
        "confidence": 0.12,
        "event_start": "2026-01-05T08:00:00",
        "event_type": "road_crash",
        "granularity": "country",
        "incident_id": "inc_4238729aa8437c05",
        "is_incident_location": false,
        "location_name": "Kenya — collection-country fallback; incident place unresolved",
        "method": "collection_country_fallback",
        "sentiment_count": 0,
        "source_count": 1,
        "status": "reported",
        "title": "Scores Killed as Two PSVs Collide Head-On in Early Morning Crash",
        "uncertainty_radius_km": null
      },
      "type": "Feature"
    },
    {
      "geometry": {
        "coordinates": [
          37.9062,
          -0.0236
        ],
        "type": "Point"
      },
      "id": "inc_2e33c3120cc087dd",
      "properties": {
        "confidence": 0.12,
        "event_start": "2026-02-21T08:00:00",
        "event_type": "road_crash",
        "granularity": "country",
        "incident_id": "inc_2e33c3120cc087dd",
        "is_incident_location": false,
        "location_name": "Kenya — collection-country fallback; incident place unresolved",
        "method": "collection_country_fallback",
        "sentiment_count": 0,
        "source_count": 1,
        "status": "reported",
        "title": "Students Among Several Feared Dead in Road Crash on Nairobi-Mombasa Highway",
        "uncertainty_radius_km": null
      },
      "type": "Feature"
    },
    {
      "geometry": {
        "coordinates": [
          127.7669,
          35.9078
        ],
        "type": "Point"
      },
      "id": "inc_a70bfc279b5e8bd8",
      "properties": {
        "confidence": 0.13999999999999999,
        "event_start": "2025-11-15T04:28:00",
        "event_type": "road_crash",
        "granularity": "country",
        "incident_id": "inc_a70bfc279b5e8bd8",
        "is_incident_location": false,
        "location_name": "South Korea — collection-country fallback; incident place unresolved",
        "method": "collection_country_fallback",
        "sentiment_count": 0,
        "source_count": 2,
        "status": "reported",
        "title": "South Korea’s deadly Bucheon crash prompts calls for tougher rules for older drivers",
        "uncertainty_radius_km": null
      },
      "type": "Feature"
    },
    {
      "geometry": {
        "coordinates": [
          127.7669,
          35.9078
        ],
        "type": "Point"
      },
      "id": "inc_d755447fe49f98db",
      "properties": {
        "confidence": 0.12,
        "event_start": "2026-01-15T22:57:00",
        "event_type": "road_crash",
        "granularity": "country",
        "incident_id": "inc_d755447fe49f98db",
        "is_incident_location": false,
        "location_name": "South Korea — collection-country fallback; incident place unresolved",
        "method": "collection_country_fallback",
        "sentiment_count": 0,
        "source_count": 1,
        "status": "reported",
        "title": "Bus crashes into building in South Korea, several feared injured, media reports",
        "uncertainty_radius_km": null
      },
      "type": "Feature"
    },
    {
      "geometry": {
        "coordinates": [
          127.7669,
          35.9078
        ],
        "type": "Point"
      },
      "id": "inc_797e94e26d6ee3b8",
      "properties": {
        "confidence": 0.12,
        "event_start": "2026-05-18T06:29:00",
        "event_type": "road_crash",
        "granularity": "country",
        "incident_id": "inc_797e94e26d6ee3b8",
        "is_incident_location": false,
        "location_name": "South Korea — collection-country fallback; incident place unresolved",
        "method": "collection_country_fallback",
        "sentiment_count": 0,
        "source_count": 1,
        "status": "reported",
        "title": "Bangladeshi student dies in road accident in South Korea",
        "uncertainty_radius_km": null
      },
      "type": "Feature"
    },
    {
      "geometry": {
        "coordinates": [
          127.7669,
          35.9078
        ],
        "type": "Point"
      },
      "id": "inc_893bf21448f99fa1",
      "properties": {
        "confidence": 0.12,
        "event_start": "2025-10-27T14:00:00",
        "event_type": "road_crash",
        "granularity": "country",
        "incident_id": "inc_893bf21448f99fa1",
        "is_incident_location": false,
        "location_name": "South Korea — collection-country fallback; incident place unresolved",
        "method": "collection_country_fallback",
        "sentiment_count": 0,
        "source_count": 1,
        "status": "reported",
        "title": "Unlicensed minors cause scooter crash in Incheon, exposing Korea's regulatory gaps",
        "uncertainty_radius_km": null
      },
      "type": "Feature"
    },
    {
      "geometry": {
        "coordinates": [
          127.7669,
          35.9078
        ],
        "type": "Point"
      },
      "id": "inc_ed1c0987c0d44187",
      "properties": {
        "confidence": 0.12,
        "event_start": "2026-07-10T06:38:00",
        "event_type": "road_crash",
        "granularity": "country",
        "incident_id": "inc_ed1c0987c0d44187",
        "is_incident_location": false,
        "location_name": "South Korea — collection-country fallback; incident place unresolved",
        "method": "collection_country_fallback",
        "sentiment_count": 0,
        "source_count": 1,
        "status": "reported",
        "title": "Drunk driver in South Korea kills motorcyclist, gets 12-year sentence",
        "uncertainty_radius_km": null
      },
      "type": "Feature"
    },
    {
      "geometry": {
        "coordinates": [
          127.7669,
          35.9078
        ],
        "type": "Point"
      },
      "id": "inc_a3b3f6e096c88ed2",
      "properties": {
        "confidence": 0.12,
        "event_start": "2025-11-14T00:00:00",
        "event_type": "road_crash",
        "granularity": "country",
        "incident_id": "inc_a3b3f6e096c88ed2",
        "is_incident_location": false,
        "location_name": "South Korea — collection-country fallback; incident place unresolved",
        "method": "collection_country_fallback",
        "sentiment_count": 0,
        "source_count": 1,
        "status": "reported",
        "title": "Bucheon Crash: Driver Inexperience Under Investigation",
        "uncertainty_radius_km": null
      },
      "type": "Feature"
    },
    {
      "geometry": {
        "coordinates": [
          127.7669,
          35.9078
        ],
        "type": "Point"
      },
      "id": "inc_ff730bd27e8414b6",
      "properties": {
        "confidence": 0.12,
        "event_start": "2025-11-15T00:00:00",
        "event_type": "road_crash",
        "granularity": "country",
        "incident_id": "inc_ff730bd27e8414b6",
        "is_incident_location": false,
        "location_name": "South Korea — collection-country fallback; incident place unresolved",
        "method": "collection_country_fallback",
        "sentiment_count": 0,
        "source_count": 1,
        "status": "reported",
        "title": "Truck rampage in Bucheon kills two, injures 19",
        "uncertainty_radius_km": null
      },
      "type": "Feature"
    },
    {
      "geometry": {
        "coordinates": [
          127.7669,
          35.9078
        ],
        "type": "Point"
      },
      "id": "inc_6bc2aaee2ac0cec0",
      "properties": {
        "confidence": 0.12,
        "event_start": "2025-11-13T05:34:00",
        "event_type": "road_crash",
        "granularity": "country",
        "incident_id": "inc_6bc2aaee2ac0cec0",
        "is_incident_location": false,
        "location_name": "South Korea — collection-country fallback; incident place unresolved",
        "method": "collection_country_fallback",
        "sentiment_count": 0,
        "source_count": 1,
        "status": "reported",
        "title": "Truck crashes into market, killing 2, injuring 18",
        "uncertainty_radius_km": null
      },
      "type": "Feature"
    },
    {
      "geometry": {
        "coordinates": [
          127.7669,
          35.9078
        ],
        "type": "Point"
      },
      "id": "inc_43a0b61b5e699a32",
      "properties": {
        "confidence": 0.12,
        "event_start": "2026-01-16T07:27:00",
        "event_type": "road_crash",
        "granularity": "country",
        "incident_id": "inc_43a0b61b5e699a32",
        "is_incident_location": false,
        "location_name": "South Korea — collection-country fallback; incident place unresolved",
        "method": "collection_country_fallback",
        "sentiment_count": 0,
        "source_count": 1,
        "status": "reported",
        "title": "2 seriously hurt, another 11 injured after bus plows into pedestrians in Seoul",
        "uncertainty_radius_km": null
      },
      "type": "Feature"
    },
    {
      "geometry": {
        "coordinates": [
          80.7718,
          7.8731
        ],
        "type": "Point"
      },
      "id": "inc_174f491a4f42bac9",
      "properties": {
        "confidence": 0.13999999999999999,
        "event_start": "2025-05-11T07:50:00",
        "event_type": "road_crash",
        "granularity": "country",
        "incident_id": "inc_174f491a4f42bac9",
        "is_incident_location": false,
        "location_name": "Sri Lanka — collection-country fallback; incident place unresolved",
        "method": "collection_country_fallback",
        "sentiment_count": 0,
        "source_count": 2,
        "status": "reported",
        "title": "Bus carrying pilgrims crashes, killing 21 in Sri Lanka",
        "uncertainty_radius_km": null
      },
      "type": "Feature"
    },
    {
      "geometry": {
        "coordinates": [
          80.7718,
          7.8731
        ],
        "type": "Point"
      },
      "id": "inc_f25451a47082b72d",
      "properties": {
        "confidence": 0.12,
        "event_start": "2017-06-23T04:23:00",
        "event_type": "road_crash",
        "granularity": "country",
        "incident_id": "inc_f25451a47082b72d",
        "is_incident_location": false,
        "location_name": "Sri Lanka — collection-country fallback; incident place unresolved",
        "method": "collection_country_fallback",
        "sentiment_count": 0,
        "source_count": 1,
        "status": "reported",
        "title": "Heavy traffic on Colombo- Kandy road due to accident",
        "uncertainty_radius_km": null
      },
      "type": "Feature"
    },
    {
      "geometry": {
        "coordinates": [
          80.7718,
          7.8731
        ],
        "type": "Point"
      },
      "id": "inc_c532444311d4a726",
      "properties": {
        "confidence": 0.12,
        "event_start": "2026-08-11T04:42:00",
        "event_type": "road_crash",
        "granularity": "country",
        "incident_id": "inc_c532444311d4a726",
        "is_incident_location": false,
        "location_name": "Sri Lanka — collection-country fallback; incident place unresolved",
        "method": "collection_country_fallback",
        "sentiment_count": 0,
        "source_count": 1,
        "status": "reported",
        "title": "13 Injured in Medawachchiya Bus Crash",
        "uncertainty_radius_km": null
      },
      "type": "Feature"
    },
    {
      "geometry": {
        "coordinates": [
          80.7718,
          7.8731
        ],
        "type": "Point"
      },
      "id": "inc_514f38dd11626380",
      "properties": {
        "confidence": 0.12,
        "event_start": "2024-07-04T04:06:00",
        "event_type": "road_crash",
        "granularity": "country",
        "incident_id": "inc_514f38dd11626380",
        "is_incident_location": false,
        "location_name": "Sri Lanka — collection-country fallback; incident place unresolved",
        "method": "collection_country_fallback",
        "sentiment_count": 0,
        "source_count": 1,
        "status": "reported",
        "title": "Fatal collision on Chilaw-Colombo road leaves one dead, 15 injured",
        "uncertainty_radius_km": null
      },
      "type": "Feature"
    },
    {
      "geometry": {
        "coordinates": [
          80.7718,
          7.8731
        ],
        "type": "Point"
      },
      "id": "inc_7f20a59f0f2acbd1",
      "properties": {
        "confidence": 0.12,
        "event_start": "2024-08-31T14:00:00",
        "event_type": "road_crash",
        "granularity": "country",
        "incident_id": "inc_7f20a59f0f2acbd1",
        "is_incident_location": false,
        "location_name": "Sri Lanka — collection-country fallback; incident place unresolved",
        "method": "collection_country_fallback",
        "sentiment_count": 0,
        "source_count": 1,
        "status": "reported",
        "title": "Two dead in motorcycle and bus collision on Colombo-Kandy Road",
        "uncertainty_radius_km": null
      },
      "type": "Feature"
    },
    {
      "geometry": {
        "coordinates": [
          80.7718,
          7.8731
        ],
        "type": "Point"
      },
      "id": "inc_0db8af5c4f24a7d7",
      "properties": {
        "confidence": 0.12,
        "event_start": "2025-03-09T11:10:00",
        "event_type": "road_crash",
        "granularity": "country",
        "incident_id": "inc_0db8af5c4f24a7d7",
        "is_incident_location": false,
        "location_name": "Sri Lanka — collection-country fallback; incident place unresolved",
        "method": "collection_country_fallback",
        "sentiment_count": 0,
        "source_count": 1,
        "status": "reported",
        "title": "Colombo University lecturer dies in tragic car accident at home",
        "uncertainty_radius_km": null
      },
      "type": "Feature"
    },
    {
      "geometry": {
        "coordinates": [
          80.7718,
          7.8731
        ],
        "type": "Point"
      },
      "id": "inc_c18e5ac4945b94ef",
      "properties": {
        "confidence": 0.12,
        "event_start": "2026-07-27T07:19:00",
        "event_type": "road_crash",
        "granularity": "country",
        "incident_id": "inc_c18e5ac4945b94ef",
        "is_incident_location": false,
        "location_name": "Sri Lanka — collection-country fallback; incident place unresolved",
        "method": "collection_country_fallback",
        "sentiment_count": 0,
        "source_count": 1,
        "status": "reported",
        "title": "Female three-wheeler driver killed in bus collision",
        "uncertainty_radius_km": null
      },
      "type": "Feature"
    },
    {
      "geometry": {
        "coordinates": [
          80.7718,
          7.8731
        ],
        "type": "Point"
      },
      "id": "inc_5a5dd2f97186f35c",
      "properties": {
        "confidence": 0.12,
        "event_start": "2026-08-03T01:12:00",
        "event_type": "road_crash",
        "granularity": "country",
        "incident_id": "inc_5a5dd2f97186f35c",
        "is_incident_location": false,
        "location_name": "Sri Lanka — collection-country fallback; incident place unresolved",
        "method": "collection_country_fallback",
        "sentiment_count": 0,
        "source_count": 1,
        "status": "reported",
        "title": "18 injured in bus collision at Kegalle",
        "uncertainty_radius_km": null
      },
      "type": "Feature"
    },
    {
      "geometry": {
        "coordinates": [
          80.7718,
          7.8731
        ],
        "type": "Point"
      },
      "id": "inc_76cd31766374e3f3",
      "properties": {
        "confidence": 0.12,
        "event_start": "2026-08-05T03:32:00",
        "event_type": "road_crash",
        "granularity": "country",
        "incident_id": "inc_76cd31766374e3f3",
        "is_incident_location": false,
        "location_name": "Sri Lanka — collection-country fallback; incident place unresolved",
        "method": "collection_country_fallback",
        "sentiment_count": 0,
        "source_count": 1,
        "status": "reported",
        "title": "Civil Security Department member dead in Tipper Truck - Motorcycle collision",
        "uncertainty_radius_km": null
      },
      "type": "Feature"
    },
    {
      "geometry": {
        "coordinates": [
          -7.0926,
          31.7917
        ],
        "type": "Point"
      },
      "id": "inc_30536498b387f3b4",
      "properties": {
        "confidence": 0.12,
        "event_start": "2026-07-04T17:00:00",
        "event_type": "road_crash",
        "granularity": "country",
        "incident_id": "inc_30536498b387f3b4",
        "is_incident_location": false,
        "location_name": "Morocco — collection-country fallback; incident place unresolved",
        "method": "collection_country_fallback",
        "sentiment_count": 0,
        "source_count": 1,
        "status": "reported",
        "title": "Report: Five Israelis killed in Morocco car accident",
        "uncertainty_radius_km": null
      },
      "type": "Feature"
    },
    {
      "geometry": {
        "coordinates": [
          -7.0926,
          31.7917
        ],
        "type": "Point"
      },
      "id": "inc_5613ff235f5c5b92",
      "properties": {
        "confidence": 0.12,
        "event_start": "2024-12-06T09:28:00",
        "event_type": "road_crash",
        "granularity": "country",
        "incident_id": "inc_5613ff235f5c5b92",
        "is_incident_location": false,
        "location_name": "Morocco — collection-country fallback; incident place unresolved",
        "method": "collection_country_fallback",
        "sentiment_count": 0,
        "source_count": 1,
        "status": "reported",
        "title": "Five Israelis from Safed killed in fatal car accident in Morocco",
        "uncertainty_radius_km": null
      },
      "type": "Feature"
    },
    {
      "geometry": {
        "coordinates": [
          -7.0926,
          31.7917
        ],
        "type": "Point"
      },
      "id": "inc_119578bc9ef08f46",
      "properties": {
        "confidence": 0.12,
        "event_start": "2024-03-18T03:36:00",
        "event_type": "road_crash",
        "granularity": "country",
        "incident_id": "inc_119578bc9ef08f46",
        "is_incident_location": false,
        "location_name": "Morocco — collection-country fallback; incident place unresolved",
        "method": "collection_country_fallback",
        "sentiment_count": 0,
        "source_count": 1,
        "status": "reported",
        "title": "Tragic traffic accident in Morocco leaves 9 dead",
        "uncertainty_radius_km": null
      },
      "type": "Feature"
    },
    {
      "geometry": {
        "coordinates": [
          -7.0926,
          31.7917
        ],
        "type": "Point"
      },
      "id": "inc_4d0ba6d11e82c075",
      "properties": {
        "confidence": 0.12,
        "event_start": "2024-03-04T16:00:00",
        "event_type": "road_crash",
        "granularity": "country",
        "incident_id": "inc_4d0ba6d11e82c075",
        "is_incident_location": false,
        "location_name": "Morocco — collection-country fallback; incident place unresolved",
        "method": "collection_country_fallback",
        "sentiment_count": 0,
        "source_count": 1,
        "status": "reported",
        "title": "6 killed, 18 injured in traffic accident in Morocco",
        "uncertainty_radius_km": null
      },
      "type": "Feature"
    },
    {
      "geometry": {
        "coordinates": [
          -7.0926,
          31.7917
        ],
        "type": "Point"
      },
      "id": "inc_7f1a9841e031f3ec",
      "properties": {
        "confidence": 0.12,
        "event_start": "2019-12-02T12:09:00",
        "event_type": "road_crash",
        "granularity": "country",
        "incident_id": "inc_7f1a9841e031f3ec",
        "is_incident_location": false,
        "location_name": "Morocco — collection-country fallback; incident place unresolved",
        "method": "collection_country_fallback",
        "sentiment_count": 0,
        "source_count": 1,
        "status": "reported",
        "title": "Morocco bus crash kills 17",
        "uncertainty_radius_km": null
      },
      "type": "Feature"
    },
    {
      "geometry": {
        "coordinates": [
          -7.0926,
          31.7917
        ],
        "type": "Point"
      },
      "id": "inc_21c5fe8bf69115f6",
      "properties": {
        "confidence": 0.12,
        "event_start": "2022-08-17T13:57:00",
        "event_type": "road_crash",
        "granularity": "country",
        "incident_id": "inc_21c5fe8bf69115f6",
        "is_incident_location": false,
        "location_name": "Morocco — collection-country fallback; incident place unresolved",
        "method": "collection_country_fallback",
        "sentiment_count": 0,
        "source_count": 1,
        "status": "reported",
        "title": "Morocco bus crash leaves 15 dead, scores injured",
        "uncertainty_radius_km": null
      },
      "type": "Feature"
    },
    {
      "geometry": {
        "coordinates": [
          -7.0926,
          31.7917
        ],
        "type": "Point"
      },
      "id": "inc_2794419f4fe6ad3d",
      "properties": {
        "confidence": 0.12,
        "event_start": "2015-04-10T09:10:00",
        "event_type": "road_crash",
        "granularity": "country",
        "incident_id": "inc_2794419f4fe6ad3d",
        "is_incident_location": false,
        "location_name": "Morocco — collection-country fallback; incident place unresolved",
        "method": "collection_country_fallback",
        "sentiment_count": 0,
        "source_count": 1,
        "status": "reported",
        "title": "Morocco bus crash kills 33, mostly school athletes",
        "uncertainty_radius_km": null
      },
      "type": "Feature"
    },
    {
      "geometry": {
        "coordinates": [
          -7.0926,
          31.7917
        ],
        "type": "Point"
      },
      "id": "inc_8beb3740fb83a7ec",
      "properties": {
        "confidence": 0.12,
        "event_start": "2024-12-06T06:53:00",
        "event_type": "road_crash",
        "granularity": "country",
        "incident_id": "inc_8beb3740fb83a7ec",
        "is_incident_location": false,
        "location_name": "Morocco — collection-country fallback; incident place unresolved",
        "method": "collection_country_fallback",
        "sentiment_count": 0,
        "source_count": 1,
        "status": "reported",
        "title": "Five Tzfat residents killed in car accident in Morocco",
        "uncertainty_radius_km": null
      },
      "type": "Feature"
    },
    {
      "geometry": {
        "coordinates": [
          -7.0926,
          31.7917
        ],
        "type": "Point"
      },
      "id": "inc_ea449a8deaeedb50",
      "properties": {
        "confidence": 0.12,
        "event_start": "2025-05-05T03:01:00",
        "event_type": "road_crash",
        "granularity": "country",
        "incident_id": "inc_ea449a8deaeedb50",
        "is_incident_location": false,
        "location_name": "Morocco — collection-country fallback; incident place unresolved",
        "method": "collection_country_fallback",
        "sentiment_count": 0,
        "source_count": 1,
        "status": "reported",
        "title": "Two Brits killed in crash after car overturns in Morocco",
        "uncertainty_radius_km": null
      },
      "type": "Feature"
    },
    {
      "geometry": {
        "coordinates": [
          -7.0926,
          31.7917
        ],
        "type": "Point"
      },
      "id": "inc_f69d5249e11fc73a",
      "properties": {
        "confidence": 0.12,
        "event_start": "2025-05-05T04:43:00",
        "event_type": "road_crash",
        "granularity": "country",
        "incident_id": "inc_f69d5249e11fc73a",
        "is_incident_location": false,
        "location_name": "Morocco — collection-country fallback; incident place unresolved",
        "method": "collection_country_fallback",
        "sentiment_count": 0,
        "source_count": 1,
        "status": "reported",
        "title": "Two Brit tourists dead & two others injured after car flips in Morocco horror crash",
        "uncertainty_radius_km": null
      },
      "type": "Feature"
    },
    {
      "geometry": {
        "coordinates": [
          -102.5528,
          23.6345
        ],
        "type": "Point"
      },
      "id": "inc_c613b89047bb9ed0",
      "properties": {
        "confidence": 0.12,
        "event_start": "2025-09-08T16:17:32",
        "event_type": "road_crash",
        "granularity": "country",
        "incident_id": "inc_c613b89047bb9ed0",
        "is_incident_location": false,
        "location_name": "Mexico — collection-country fallback; incident place unresolved",
        "method": "collection_country_fallback",
        "sentiment_count": 0,
        "source_count": 1,
        "status": "reported",
        "title": "Freight train slams into a bus outside Mexico City and kills at least 10 people",
        "uncertainty_radius_km": null
      },
      "type": "Feature"
    },
    {
      "geometry": {
        "coordinates": [
          -102.5528,
          23.6345
        ],
        "type": "Point"
      },
      "id": "inc_54f9c12913c835e4",
      "properties": {
        "confidence": 0.12,
        "event_start": "2025-09-08T16:00:00",
        "event_type": "road_crash",
        "granularity": "country",
        "incident_id": "inc_54f9c12913c835e4",
        "is_incident_location": false,
        "location_name": "Mexico — collection-country fallback; incident place unresolved",
        "method": "collection_country_fallback",
        "sentiment_count": 0,
        "source_count": 1,
        "status": "reported",
        "title": "Tren en Atlacomulco embiste a autobús de pasajeros; reportan muertos y lesionados",
        "uncertainty_radius_km": null
      },
      "type": "Feature"
    },
    {
      "geometry": {
        "coordinates": [
          -102.5528,
          23.6345
        ],
        "type": "Point"
      },
      "id": "inc_b80668a17a445118",
      "properties": {
        "confidence": 0.12,
        "event_start": "2026-08-10T22:30:02",
        "event_type": "road_crash",
        "granularity": "country",
        "incident_id": "inc_b80668a17a445118",
        "is_incident_location": false,
        "location_name": "Mexico — collection-country fallback; incident place unresolved",
        "method": "collection_country_fallback",
        "sentiment_count": 0,
        "source_count": 1,
        "status": "reported",
        "title": "Un muerto y dos lesionados por accidente de tránsito en San Miguel",
        "uncertainty_radius_km": null
      },
      "type": "Feature"
    },
    {
      "geometry": {
        "coordinates": [
          -102.5528,
          23.6345
        ],
        "type": "Point"
      },
      "id": "inc_a5c75eb5447661e6",
      "properties": {
        "confidence": 0.12,
        "event_start": "2026-08-04T15:33:38",
        "event_type": "road_crash",
        "granularity": "country",
        "incident_id": "inc_a5c75eb5447661e6",
        "is_incident_location": false,
        "location_name": "Mexico — collection-country fallback; incident place unresolved",
        "method": "collection_country_fallback",
        "sentiment_count": 0,
        "source_count": 1,
        "status": "reported",
        "title": "Camionazo en Empalme deja un muerto y varios heridos",
        "uncertainty_radius_km": null
      },
      "type": "Feature"
    },
    {
      "geometry": {
        "coordinates": [
          -102.5528,
          23.6345
        ],
        "type": "Point"
      },
      "id": "inc_9f16088679106725",
      "properties": {
        "confidence": 0.12,
        "event_start": "2026-07-06T07:00:00",
        "event_type": "road_crash",
        "granularity": "country",
        "incident_id": "inc_9f16088679106725",
        "is_incident_location": false,
        "location_name": "Mexico — collection-country fallback; incident place unresolved",
        "method": "collection_country_fallback",
        "sentiment_count": 0,
        "source_count": 1,
        "status": "reported",
        "title": "Grave accidente de tránsito en Bolivia tras la caída de bus a un barranco que dejó a menores de edad muertos y varios heridos: esto se sabe",
        "uncertainty_radius_km": null
      },
      "type": "Feature"
    },
    {
      "geometry": {
        "coordinates": [
          -102.5528,
          23.6345
        ],
        "type": "Point"
      },
      "id": "inc_135b0ce9b37c26cc",
      "properties": {
        "confidence": 0.12,
        "event_start": "2026-08-09T00:44:00",
        "event_type": "road_crash",
        "granularity": "country",
        "incident_id": "inc_135b0ce9b37c26cc",
        "is_incident_location": false,
        "location_name": "Mexico — collection-country fallback; incident place unresolved",
        "method": "collection_country_fallback",
        "sentiment_count": 0,
        "source_count": 1,
        "status": "reported",
        "title": "Al menos 13 muertos y cuatro heridos en accidente de tránsito registrado en Perú",
        "uncertainty_radius_km": null
      },
      "type": "Feature"
    },
    {
      "geometry": {
        "coordinates": [
          -102.5528,
          23.6345
        ],
        "type": "Point"
      },
      "id": "inc_f4e85bd72023b0e3",
      "properties": {
        "confidence": 0.12,
        "event_start": "2026-07-12T07:00:00",
        "event_type": "road_crash",
        "granularity": "country",
        "incident_id": "inc_f4e85bd72023b0e3",
        "is_incident_location": false,
        "location_name": "Mexico — collection-country fallback; incident place unresolved",
        "method": "collection_country_fallback",
        "sentiment_count": 0,
        "source_count": 1,
        "status": "reported",
        "title": "Accidente de tránsito en el occidente de México deja 9 fallecidos y 10 heridos, cuatro de ellos estadounidenses",
        "uncertainty_radius_km": null
      },
      "type": "Feature"
    },
    {
      "geometry": {
        "coordinates": [
          -102.5528,
          23.6345
        ],
        "type": "Point"
      },
      "id": "inc_563668c88daabc23",
      "properties": {
        "confidence": 0.12,
        "event_start": "2026-06-30T07:00:00",
        "event_type": "road_crash",
        "granularity": "country",
        "incident_id": "inc_563668c88daabc23",
        "is_incident_location": false,
        "location_name": "Mexico — collection-country fallback; incident place unresolved",
        "method": "collection_country_fallback",
        "sentiment_count": 0,
        "source_count": 1,
        "status": "reported",
        "title": "Dan 18 años de cárcel a implicado en el accidente carretero que dejó 56 migrantes muertos en 2021",
        "uncertainty_radius_km": null
      },
      "type": "Feature"
    },
    {
      "geometry": {
        "coordinates": [
          -102.5528,
          23.6345
        ],
        "type": "Point"
      },
      "id": "inc_82e3dfef6891a83e",
      "properties": {
        "confidence": 0.12,
        "event_start": "2026-07-19T07:00:00",
        "event_type": "road_crash",
        "granularity": "country",
        "incident_id": "inc_82e3dfef6891a83e",
        "is_incident_location": false,
        "location_name": "Mexico — collection-country fallback; incident place unresolved",
        "method": "collection_country_fallback",
        "sentiment_count": 0,
        "source_count": 1,
        "status": "reported",
        "title": "Volcadura en carretera Guadalajara Morelia deja dos muertos y tres lesionados",
        "uncertainty_radius_km": null
      },
      "type": "Feature"
    },
    {
      "geometry": {
        "coordinates": [
          -102.5528,
          23.6345
        ],
        "type": "Point"
      },
      "id": "inc_6234a4d4ecff99dc",
      "properties": {
        "confidence": 0.12,
        "event_start": "2026-06-13T07:00:00",
        "event_type": "road_crash",
        "granularity": "country",
        "incident_id": "inc_6234a4d4ecff99dc",
        "is_incident_location": false,
        "location_name": "Mexico — collection-country fallback; incident place unresolved",
        "method": "collection_country_fallback",
        "sentiment_count": 0,
        "source_count": 1,
        "status": "reported",
        "title": "Cinco muertos y 11 lesionados en un accidente carretero en San José Iturbide",
        "uncertainty_radius_km": null
      },
      "type": "Feature"
    },
    {
      "geometry": {
        "coordinates": [
          101.9758,
          4.2105
        ],
        "type": "Point"
      },
      "id": "inc_e34c9b64056f9976",
      "properties": {
        "confidence": 0.16,
        "event_start": "2025-06-08T23:45:00",
        "event_type": "road_crash",
        "granularity": "country",
        "incident_id": "inc_e34c9b64056f9976",
        "is_incident_location": false,
        "location_name": "Malaysia — collection-country fallback; incident place unresolved",
        "method": "collection_country_fallback",
        "sentiment_count": 0,
        "source_count": 3,
        "status": "reported",
        "title": "Malaysia bus crash kills at least 15, mostly students",
        "uncertainty_radius_km": null
      },
      "type": "Feature"
    },
    {
      "geometry": {
        "coordinates": [
          101.9758,
          4.2105
        ],
        "type": "Point"
      },
      "id": "inc_76566e6009a76cab",
      "properties": {
        "confidence": 0.12,
        "event_start": "2026-06-22T19:13:00",
        "event_type": "road_crash",
        "granularity": "country",
        "incident_id": "inc_76566e6009a76cab",
        "is_incident_location": false,
        "location_name": "Malaysia — collection-country fallback; incident place unresolved",
        "method": "collection_country_fallback",
        "sentiment_count": 0,
        "source_count": 1,
        "status": "reported",
        "title": "Multi-vehicle crash on Malaysia's North-South Expressway causes 9km traffic jam",
        "uncertainty_radius_km": null
      },
      "type": "Feature"
    },
    {
      "geometry": {
        "coordinates": [
          101.9758,
          4.2105
        ],
        "type": "Point"
      },
      "id": "inc_88e57b92d8bffabd",
      "properties": {
        "confidence": 0.12,
        "event_start": "2024-06-08T20:37:00",
        "event_type": "road_crash",
        "granularity": "country",
        "incident_id": "inc_88e57b92d8bffabd",
        "is_incident_location": false,
        "location_name": "Malaysia — collection-country fallback; incident place unresolved",
        "method": "collection_country_fallback",
        "sentiment_count": 0,
        "source_count": 1,
        "status": "reported",
        "title": "Singapore motorcyclist dies after collision with car in Malaysia",
        "uncertainty_radius_km": null
      },
      "type": "Feature"
    },
    {
      "geometry": {
        "coordinates": [
          101.9758,
          4.2105
        ],
        "type": "Point"
      },
      "id": "inc_6867acc1131ed8ab",
      "properties": {
        "confidence": 0.12,
        "event_start": "2026-08-02T19:36:00",
        "event_type": "road_crash",
        "granularity": "country",
        "incident_id": "inc_6867acc1131ed8ab",
        "is_incident_location": false,
        "location_name": "Malaysia — collection-country fallback; incident place unresolved",
        "method": "collection_country_fallback",
        "sentiment_count": 0,
        "source_count": 1,
        "status": "reported",
        "title": "Singaporean motorcyclist dies after crashing into rear of MPV in Johor",
        "uncertainty_radius_km": null
      },
      "type": "Feature"
    },
    {
      "geometry": {
        "coordinates": [
          101.9758,
          4.2105
        ],
        "type": "Point"
      },
      "id": "inc_84812748e3a68177",
      "properties": {
        "confidence": 0.12,
        "event_start": "2025-06-09T07:42:00",
        "event_type": "road_crash",
        "granularity": "country",
        "incident_id": "inc_84812748e3a68177",
        "is_incident_location": false,
        "location_name": "Malaysia — collection-country fallback; incident place unresolved",
        "method": "collection_country_fallback",
        "sentiment_count": 0,
        "source_count": 1,
        "status": "reported",
        "title": "At least 15 die in Malaysia bus crash",
        "uncertainty_radius_km": null
      },
      "type": "Feature"
    },
    {
      "geometry": {
        "coordinates": [
          101.9758,
          4.2105
        ],
        "type": "Point"
      },
      "id": "inc_7322ad5e7148ee4c",
      "properties": {
        "confidence": 0.12,
        "event_start": "2025-08-02T08:13:00",
        "event_type": "road_crash",
        "granularity": "country",
        "incident_id": "inc_7322ad5e7148ee4c",
        "is_incident_location": false,
        "location_name": "Malaysia — collection-country fallback; incident place unresolved",
        "method": "collection_country_fallback",
        "sentiment_count": 0,
        "source_count": 1,
        "status": "reported",
        "title": "Malaysia highway crash kills three Bangladeshi workers, injures two",
        "uncertainty_radius_km": null
      },
      "type": "Feature"
    },
    {
      "geometry": {
        "coordinates": [
          101.9758,
          4.2105
        ],
        "type": "Point"
      },
      "id": "inc_1fc495ce771b6a96",
      "properties": {
        "confidence": 0.12,
        "event_start": "2025-08-02T04:41:00",
        "event_type": "road_crash",
        "granularity": "country",
        "incident_id": "inc_1fc495ce771b6a96",
        "is_incident_location": false,
        "location_name": "Malaysia — collection-country fallback; incident place unresolved",
        "method": "collection_country_fallback",
        "sentiment_count": 0,
        "source_count": 1,
        "status": "reported",
        "title": "3 Bangladeshis killed, 2 others injured in Malaysia road crash",
        "uncertainty_radius_km": null
      },
      "type": "Feature"
    },
    {
      "geometry": {
        "coordinates": [
          101.9758,
          4.2105
        ],
        "type": "Point"
      },
      "id": "inc_15e094f71c40deff",
      "properties": {
        "confidence": 0.12,
        "event_start": "2022-06-30T02:05:00",
        "event_type": "road_crash",
        "granularity": "country",
        "incident_id": "inc_15e094f71c40deff",
        "is_incident_location": false,
        "location_name": "Malaysia — collection-country fallback; incident place unresolved",
        "method": "collection_country_fallback",
        "sentiment_count": 0,
        "source_count": 1,
        "status": "reported",
        "title": "Singaporean woman killed in car accident in Malaysia",
        "uncertainty_radius_km": null
      },
      "type": "Feature"
    },
    {
      "geometry": {
        "coordinates": [
          8.6753,
          9.082
        ],
        "type": "Point"
      },
      "id": "inc_67513164bd67f1f2",
      "properties": {
        "confidence": 0.13999999999999999,
        "event_start": "2026-01-08T20:02:38",
        "event_type": "road_crash",
        "granularity": "country",
        "incident_id": "inc_67513164bd67f1f2",
        "is_incident_location": false,
        "location_name": "Nigeria — collection-country fallback; incident place unresolved",
        "method": "collection_country_fallback",
        "sentiment_count": 0,
        "source_count": 2,
        "status": "reported",
        "title": "Anthony Joshua shares tribute to friends killed in Nigeria crash",
        "uncertainty_radius_km": null
      },
      "type": "Feature"
    },
    {
      "geometry": {
        "coordinates": [
          8.6753,
          9.082
        ],
        "type": "Point"
      },
      "id": "inc_0f0efb66762c8f04",
      "properties": {
        "confidence": 0.12,
        "event_start": "2026-01-02T08:00:00",
        "event_type": "road_crash",
        "granularity": "country",
        "incident_id": "inc_0f0efb66762c8f04",
        "is_incident_location": false,
        "location_name": "Nigeria — collection-country fallback; incident place unresolved",
        "method": "collection_country_fallback",
        "sentiment_count": 0,
        "source_count": 1,
        "status": "reported",
        "title": "Anthony Joshua's driver charged over Nigeria crash that killed two",
        "uncertainty_radius_km": null
      },
      "type": "Feature"
    },
    {
      "geometry": {
        "coordinates": [
          8.6753,
          9.082
        ],
        "type": "Point"
      },
      "id": "inc_d192329a044ab226",
      "properties": {
        "confidence": 0.12,
        "event_start": "2025-12-31T08:00:00",
        "event_type": "road_crash",
        "granularity": "country",
        "incident_id": "inc_d192329a044ab226",
        "is_incident_location": false,
        "location_name": "Nigeria — collection-country fallback; incident place unresolved",
        "method": "collection_country_fallback",
        "sentiment_count": 0,
        "source_count": 1,
        "status": "reported",
        "title": "Anthony Joshua discharged from hospital after Nigeria car crash",
        "uncertainty_radius_km": null
      },
      "type": "Feature"
    },
    {
      "geometry": {
        "coordinates": [
          8.6753,
          9.082
        ],
        "type": "Point"
      },
      "id": "inc_d8a572becdb97020",
      "properties": {
        "confidence": 0.12,
        "event_start": "2026-01-20T08:00:00",
        "event_type": "road_crash",
        "granularity": "country",
        "incident_id": "inc_d8a572becdb97020",
        "is_incident_location": false,
        "location_name": "Nigeria — collection-country fallback; incident place unresolved",
        "method": "collection_country_fallback",
        "sentiment_count": 0,
        "source_count": 1,
        "status": "reported",
        "title": "Anthony Joshua's driver appears in court after crash that killed two",
        "uncertainty_radius_km": null
      },
      "type": "Feature"
    },
    {
      "geometry": {
        "coordinates": [
          8.6753,
          9.082
        ],
        "type": "Point"
      },
      "id": "inc_4fa65c00f7185d20",
      "properties": {
        "confidence": 0.12,
        "event_start": "2026-03-26T07:00:00",
        "event_type": "road_crash",
        "granularity": "country",
        "incident_id": "inc_4fa65c00f7185d20",
        "is_incident_location": false,
        "location_name": "Nigeria — collection-country fallback; incident place unresolved",
        "method": "collection_country_fallback",
        "sentiment_count": 0,
        "source_count": 1,
        "status": "reported",
        "title": "Five Family Members Killed In Yobe Car Accident",
        "uncertainty_radius_km": null
      },
      "type": "Feature"
    },
    {
      "geometry": {
        "coordinates": [
          8.6753,
          9.082
        ],
        "type": "Point"
      },
      "id": "inc_c78ccc5dd386a6af",
      "properties": {
        "confidence": 0.12,
        "event_start": "2026-04-19T07:00:00",
        "event_type": "road_crash",
        "granularity": "country",
        "incident_id": "inc_c78ccc5dd386a6af",
        "is_incident_location": false,
        "location_name": "Nigeria — collection-country fallback; incident place unresolved",
        "method": "collection_country_fallback",
        "sentiment_count": 0,
        "source_count": 1,
        "status": "reported",
        "title": "Three Dead, Seven Injured In Ogun Multiple-Vehicle Crash",
        "uncertainty_radius_km": null
      },
      "type": "Feature"
    },
    {
      "geometry": {
        "coordinates": [
          8.6753,
          9.082
        ],
        "type": "Point"
      },
      "id": "inc_e77ad766a82e0578",
      "properties": {
        "confidence": 0.12,
        "event_start": "2026-04-22T07:00:00",
        "event_type": "road_crash",
        "granularity": "country",
        "incident_id": "inc_e77ad766a82e0578",
        "is_incident_location": false,
        "location_name": "Nigeria — collection-country fallback; incident place unresolved",
        "method": "collection_country_fallback",
        "sentiment_count": 0,
        "source_count": 1,
        "status": "reported",
        "title": "12 Killed, 14 Injured In Edo Road Accident",
        "uncertainty_radius_km": null
      },
      "type": "Feature"
    },
    {
      "geometry": {
        "coordinates": [
          8.6753,
          9.082
        ],
        "type": "Point"
      },
      "id": "inc_709d9179b431a1ee",
      "properties": {
        "confidence": 0.12,
        "event_start": "2025-12-31T08:00:00",
        "event_type": "road_crash",
        "granularity": "country",
        "incident_id": "inc_709d9179b431a1ee",
        "is_incident_location": false,
        "location_name": "Nigeria — collection-country fallback; incident place unresolved",
        "method": "collection_country_fallback",
        "sentiment_count": 0,
        "source_count": 1,
        "status": "reported",
        "title": "Anthony Joshua stable after car accident in Nigeria which killed two of his team members",
        "uncertainty_radius_km": null
      },
      "type": "Feature"
    },
    {
      "geometry": {
        "coordinates": [
          8.6753,
          9.082
        ],
        "type": "Point"
      },
      "id": "inc_877286c4cb974cb0",
      "properties": {
        "confidence": 0.12,
        "event_start": "2026-06-10T07:00:00",
        "event_type": "road_crash",
        "granularity": "country",
        "incident_id": "inc_877286c4cb974cb0",
        "is_incident_location": false,
        "location_name": "Nigeria — collection-country fallback; incident place unresolved",
        "method": "collection_country_fallback",
        "sentiment_count": 0,
        "source_count": 1,
        "status": "reported",
        "title": "Commercial bus driver killed in multiple auto crash in Lagos",
        "uncertainty_radius_km": null
      },
      "type": "Feature"
    },
    {
      "geometry": {
        "coordinates": [
          5.2913,
          52.1326
        ],
        "type": "Point"
      },
      "id": "inc_cd3bcf3014f0c0dd",
      "properties": {
        "confidence": 0.18,
        "event_start": "2026-07-31T07:00:00",
        "event_type": "road_crash",
        "granularity": "country",
        "incident_id": "inc_cd3bcf3014f0c0dd",
        "is_incident_location": false,
        "location_name": "Netherlands — collection-country fallback; incident place unresolved",
        "method": "collection_country_fallback",
        "sentiment_count": 0,
        "source_count": 3,
        "status": "reported",
        "title": "Dode en gewonden bij zwaar ongeval met drie vrachtwagens op A17",
        "uncertainty_radius_km": null
      },
      "type": "Feature"
    },
    {
      "geometry": {
        "coordinates": [
          5.2913,
          52.1326
        ],
        "type": "Point"
      },
      "id": "inc_efc66b08d8232687",
      "properties": {
        "confidence": 0.12,
        "event_start": "2026-04-30T07:00:00",
        "event_type": "road_crash",
        "granularity": "country",
        "incident_id": "inc_efc66b08d8232687",
        "is_incident_location": false,
        "location_name": "Netherlands — collection-country fallback; incident place unresolved",
        "method": "collection_country_fallback",
        "sentiment_count": 0,
        "source_count": 1,
        "status": "reported",
        "title": "Dode en gewonde bij frontale botsing",
        "uncertainty_radius_km": null
      },
      "type": "Feature"
    },
    {
      "geometry": {
        "coordinates": [
          5.2913,
          52.1326
        ],
        "type": "Point"
      },
      "id": "inc_899734adebc9b69f",
      "properties": {
        "confidence": 0.12,
        "event_start": "2026-05-17T07:00:00",
        "event_type": "road_crash",
        "granularity": "country",
        "incident_id": "inc_899734adebc9b69f",
        "is_incident_location": false,
        "location_name": "Netherlands — collection-country fallback; incident place unresolved",
        "method": "collection_country_fallback",
        "sentiment_count": 0,
        "source_count": 1,
        "status": "reported",
        "title": "Dode bij ernstig ongeval tegen boom",
        "uncertainty_radius_km": null
      },
      "type": "Feature"
    },
    {
      "geometry": {
        "coordinates": [
          5.2913,
          52.1326
        ],
        "type": "Point"
      },
      "id": "inc_fbbb9069af9ee7c8",
      "properties": {
        "confidence": 0.12,
        "event_start": "2026-05-18T07:00:00",
        "event_type": "road_crash",
        "granularity": "country",
        "incident_id": "inc_fbbb9069af9ee7c8",
        "is_incident_location": false,
        "location_name": "Netherlands — collection-country fallback; incident place unresolved",
        "method": "collection_country_fallback",
        "sentiment_count": 0,
        "source_count": 1,
        "status": "reported",
        "title": "Slachtoffer dodelijk ongeval is 61-jarige vrouw",
        "uncertainty_radius_km": null
      },
      "type": "Feature"
    },
    {
      "geometry": {
        "coordinates": [
          5.2913,
          52.1326
        ],
        "type": "Point"
      },
      "id": "inc_3747717cc9024e95",
      "properties": {
        "confidence": 0.12,
        "event_start": "2026-05-24T07:00:00",
        "event_type": "road_crash",
        "granularity": "country",
        "incident_id": "inc_3747717cc9024e95",
        "is_incident_location": false,
        "location_name": "Netherlands — collection-country fallback; incident place unresolved",
        "method": "collection_country_fallback",
        "sentiment_count": 0,
        "source_count": 1,
        "status": "reported",
        "title": "UPDATE: Vrouw (42) overleden bij botsing tussen twee auto’s",
        "uncertainty_radius_km": null
      },
      "type": "Feature"
    },
    {
      "geometry": {
        "coordinates": [
          5.2913,
          52.1326
        ],
        "type": "Point"
      },
      "id": "inc_9b3741349493174d",
      "properties": {
        "confidence": 0.12,
        "event_start": "2026-06-03T07:00:00",
        "event_type": "road_crash",
        "granularity": "country",
        "incident_id": "inc_9b3741349493174d",
        "is_incident_location": false,
        "location_name": "Netherlands — collection-country fallback; incident place unresolved",
        "method": "collection_country_fallback",
        "sentiment_count": 0,
        "source_count": 1,
        "status": "reported",
        "title": "Bestuurder (36) bij dodelijk ongeval met fietser (25) onder invloed van drugs",
        "uncertainty_radius_km": null
      },
      "type": "Feature"
    },
    {
      "geometry": {
        "coordinates": [
          5.2913,
          52.1326
        ],
        "type": "Point"
      },
      "id": "inc_2d2b41e1613383da",
      "properties": {
        "confidence": 0.12,
        "event_start": "2026-04-21T07:00:00",
        "event_type": "road_crash",
        "granularity": "country",
        "incident_id": "inc_2d2b41e1613383da",
        "is_incident_location": false,
        "location_name": "Netherlands — collection-country fallback; incident place unresolved",
        "method": "collection_country_fallback",
        "sentiment_count": 0,
        "source_count": 1,
        "status": "reported",
        "title": "Dode na ernstig ongeval op snelweg, hulpdiensten massaal ingezet",
        "uncertainty_radius_km": null
      },
      "type": "Feature"
    },
    {
      "geometry": {
        "coordinates": [
          8.4689,
          60.472
        ],
        "type": "Point"
      },
      "id": "inc_47adaaccbf7f8209",
      "properties": {
        "confidence": 0.12,
        "event_start": "2026-01-29T08:00:00",
        "event_type": "road_crash",
        "granularity": "country",
        "incident_id": "inc_47adaaccbf7f8209",
        "is_incident_location": false,
        "location_name": "Norway — collection-country fallback; incident place unresolved",
        "method": "collection_country_fallback",
        "sentiment_count": 0,
        "source_count": 1,
        "status": "reported",
        "title": "Én person omkom i trafikkulykke på Jæren",
        "uncertainty_radius_km": null
      },
      "type": "Feature"
    },
    {
      "geometry": {
        "coordinates": [
          8.4689,
          60.472
        ],
        "type": "Point"
      },
      "id": "inc_aafbb06ab9950bf1",
      "properties": {
        "confidence": 0.12,
        "event_start": "2026-01-19T08:00:00",
        "event_type": "road_crash",
        "granularity": "country",
        "incident_id": "inc_aafbb06ab9950bf1",
        "is_incident_location": false,
        "location_name": "Norway — collection-country fallback; incident place unresolved",
        "method": "collection_country_fallback",
        "sentiment_count": 0,
        "source_count": 1,
        "status": "reported",
        "title": "En person omkom i trafikkulykke på Jæren",
        "uncertainty_radius_km": null
      },
      "type": "Feature"
    },
    {
      "geometry": {
        "coordinates": [
          8.4689,
          60.472
        ],
        "type": "Point"
      },
      "id": "inc_44b5070874391f63",
      "properties": {
        "confidence": 0.12,
        "event_start": "2026-08-01T07:00:00",
        "event_type": "road_crash",
        "granularity": "country",
        "incident_id": "inc_44b5070874391f63",
        "is_incident_location": false,
        "location_name": "Norway — collection-country fallback; incident place unresolved",
        "method": "collection_country_fallback",
        "sentiment_count": 0,
        "source_count": 1,
        "status": "reported",
        "title": "Én person omkom i trafikkulykke i Harstad",
        "uncertainty_radius_km": null
      },
      "type": "Feature"
    },
    {
      "geometry": {
        "coordinates": [
          8.4689,
          60.472
        ],
        "type": "Point"
      },
      "id": "inc_2cd13385bcc321ae",
      "properties": {
        "confidence": 0.12,
        "event_start": "2026-07-21T07:00:00",
        "event_type": "road_crash",
        "granularity": "country",
        "incident_id": "inc_2cd13385bcc321ae",
        "is_incident_location": false,
        "location_name": "Norway — collection-country fallback; incident place unresolved",
        "method": "collection_country_fallback",
        "sentiment_count": 0,
        "source_count": 1,
        "status": "reported",
        "title": "Person omkom i trafikkulykke i Sør-Varanger",
        "uncertainty_radius_km": null
      },
      "type": "Feature"
    },
    {
      "geometry": {
        "coordinates": [
          8.4689,
          60.472
        ],
        "type": "Point"
      },
      "id": "inc_23273f5586ba00e6",
      "properties": {
        "confidence": 0.12,
        "event_start": "2025-04-22T07:00:00",
        "event_type": "road_crash",
        "granularity": "country",
        "incident_id": "inc_23273f5586ba00e6",
        "is_incident_location": false,
        "location_name": "Norway — collection-country fallback; incident place unresolved",
        "method": "collection_country_fallback",
        "sentiment_count": 0,
        "source_count": 1,
        "status": "reported",
        "title": "Person død etter trafikkulykke på Sunnmøre",
        "uncertainty_radius_km": null
      },
      "type": "Feature"
    },
    {
      "geometry": {
        "coordinates": [
          8.4689,
          60.472
        ],
        "type": "Point"
      },
      "id": "inc_52a7fab42e17eb9b",
      "properties": {
        "confidence": 0.12,
        "event_start": "2025-12-29T08:00:00",
        "event_type": "road_crash",
        "granularity": "country",
        "incident_id": "inc_52a7fab42e17eb9b",
        "is_incident_location": false,
        "location_name": "Norway — collection-country fallback; incident place unresolved",
        "method": "collection_country_fallback",
        "sentiment_count": 0,
        "source_count": 1,
        "status": "reported",
        "title": "Mann i 70-årene omkom i tragisk ulykke i Salangen i Troms",
        "uncertainty_radius_km": null
      },
      "type": "Feature"
    },
    {
      "geometry": {
        "coordinates": [
          8.4689,
          60.472
        ],
        "type": "Point"
      },
      "id": "inc_05b224970ae51a0f",
      "properties": {
        "confidence": 0.12,
        "event_start": "2026-07-06T07:00:00",
        "event_type": "road_crash",
        "granularity": "country",
        "incident_id": "inc_05b224970ae51a0f",
        "is_incident_location": false,
        "location_name": "Norway — collection-country fallback; incident place unresolved",
        "method": "collection_country_fallback",
        "sentiment_count": 0,
        "source_count": 1,
        "status": "reported",
        "title": "Kollisjon mellom bobil og personbil",
        "uncertainty_radius_km": null
      },
      "type": "Feature"
    },
    {
      "geometry": {
        "coordinates": [
          8.4689,
          60.472
        ],
        "type": "Point"
      },
      "id": "inc_be4e966d7cbb6c30",
      "properties": {
        "confidence": 0.12,
        "event_start": "2026-05-06T07:00:00",
        "event_type": "road_crash",
        "granularity": "country",
        "incident_id": "inc_be4e966d7cbb6c30",
        "is_incident_location": false,
        "location_name": "Norway — collection-country fallback; incident place unresolved",
        "method": "collection_country_fallback",
        "sentiment_count": 0,
        "source_count": 1,
        "status": "reported",
        "title": "Ung mann omkommet i trafikkulykke på E18 i Nordre Follo",
        "uncertainty_radius_km": null
      },
      "type": "Feature"
    },
    {
      "geometry": {
        "coordinates": [
          8.4689,
          60.472
        ],
        "type": "Point"
      },
      "id": "inc_553f40043988c5ec",
      "properties": {
        "confidence": 0.12,
        "event_start": "2025-07-03T07:00:00",
        "event_type": "road_crash",
        "granularity": "country",
        "incident_id": "inc_553f40043988c5ec",
        "is_incident_location": false,
        "location_name": "Norway — collection-country fallback; incident place unresolved",
        "method": "collection_country_fallback",
        "sentiment_count": 0,
        "source_count": 1,
        "status": "reported",
        "title": "Én person død etter trafikkulykke på E6 ved Høybråten",
        "uncertainty_radius_km": null
      },
      "type": "Feature"
    },
    {
      "geometry": {
        "coordinates": [
          8.4689,
          60.472
        ],
        "type": "Point"
      },
      "id": "inc_71761d777b82fc27",
      "properties": {
        "confidence": 0.12,
        "event_start": "2024-03-24T07:00:00",
        "event_type": "road_crash",
        "granularity": "country",
        "incident_id": "inc_71761d777b82fc27",
        "is_incident_location": false,
        "location_name": "Norway — collection-country fallback; incident place unresolved",
        "method": "collection_country_fallback",
        "sentiment_count": 0,
        "source_count": 1,
        "status": "reported",
        "title": "Tenåring omkom i trafikkulykke i Kragerø",
        "uncertainty_radius_km": null
      },
      "type": "Feature"
    },
    {
      "geometry": {
        "coordinates": [
          84.124,
          28.3949
        ],
        "type": "Point"
      },
      "id": "inc_d361bfea956203be",
      "properties": {
        "confidence": 0.13999999999999999,
        "event_start": "2024-08-24T03:24:00",
        "event_type": "road_crash",
        "granularity": "country",
        "incident_id": "inc_d361bfea956203be",
        "is_incident_location": false,
        "location_name": "Nepal — collection-country fallback; incident place unresolved",
        "method": "collection_country_fallback",
        "sentiment_count": 0,
        "source_count": 2,
        "status": "reported",
        "title": "Nepal Bus Accident : Indian Bus Carrying 40 Passengers Plunges Into Marsyangdi River In Tanauan",
        "uncertainty_radius_km": null
      },
      "type": "Feature"
    },
    {
      "geometry": {
        "coordinates": [
          84.124,
          28.3949
        ],
        "type": "Point"
      },
      "id": "inc_8fb035b87aaac889",
      "properties": {
        "confidence": 0.12,
        "event_start": "2026-02-23T06:25:00",
        "event_type": "road_crash",
        "granularity": "country",
        "incident_id": "inc_8fb035b87aaac889",
        "is_incident_location": false,
        "location_name": "Nepal — collection-country fallback; incident place unresolved",
        "method": "collection_country_fallback",
        "sentiment_count": 0,
        "source_count": 1,
        "status": "reported",
        "title": "Death toll climbs to 19 in Nepal bus accident, 25 others injured",
        "uncertainty_radius_km": null
      },
      "type": "Feature"
    },
    {
      "geometry": {
        "coordinates": [
          84.124,
          28.3949
        ],
        "type": "Point"
      },
      "id": "inc_8765e355aa662fb0",
      "properties": {
        "confidence": 0.12,
        "event_start": "2014-11-24T11:21:00",
        "event_type": "road_crash",
        "granularity": "country",
        "incident_id": "inc_8765e355aa662fb0",
        "is_incident_location": false,
        "location_name": "Nepal — collection-country fallback; incident place unresolved",
        "method": "collection_country_fallback",
        "sentiment_count": 0,
        "source_count": 1,
        "status": "reported",
        "title": "Atleast 47 dead in Nepal bus crash",
        "uncertainty_radius_km": null
      },
      "type": "Feature"
    },
    {
      "geometry": {
        "coordinates": [
          84.124,
          28.3949
        ],
        "type": "Point"
      },
      "id": "inc_110a8ca3e0292f83",
      "properties": {
        "confidence": 0.12,
        "event_start": "2026-02-22T18:35:00",
        "event_type": "road_crash",
        "granularity": "country",
        "incident_id": "inc_110a8ca3e0292f83",
        "is_incident_location": false,
        "location_name": "Nepal — collection-country fallback; incident place unresolved",
        "method": "collection_country_fallback",
        "sentiment_count": 0,
        "source_count": 1,
        "status": "reported",
        "title": "Nepal Bus Accident: 18 Dead As Passenger Bus Plunges Into Trishuli River In Dhading; Rescue Ops Ongoing",
        "uncertainty_radius_km": null
      },
      "type": "Feature"
    },
    {
      "geometry": {
        "coordinates": [
          84.124,
          28.3949
        ],
        "type": "Point"
      },
      "id": "inc_18874cc34a979cb5",
      "properties": {
        "confidence": 0.12,
        "event_start": "2024-08-23T18:48:00",
        "event_type": "road_crash",
        "granularity": "country",
        "incident_id": "inc_18874cc34a979cb5",
        "is_incident_location": false,
        "location_name": "Nepal — collection-country fallback; incident place unresolved",
        "method": "collection_country_fallback",
        "sentiment_count": 0,
        "source_count": 1,
        "status": "reported",
        "title": "Nepal Bus Accident: MEA Expresses Condolences Over Indian Nationals’ Deaths, Issues Helpline Numbers",
        "uncertainty_radius_km": null
      },
      "type": "Feature"
    },
    {
      "geometry": {
        "coordinates": [
          84.124,
          28.3949
        ],
        "type": "Point"
      },
      "id": "inc_5258be7775ddd77d",
      "properties": {
        "confidence": 0.12,
        "event_start": "2024-02-13T07:22:00",
        "event_type": "road_crash",
        "granularity": "country",
        "incident_id": "inc_5258be7775ddd77d",
        "is_incident_location": false,
        "location_name": "Nepal — collection-country fallback; incident place unresolved",
        "method": "collection_country_fallback",
        "sentiment_count": 0,
        "source_count": 1,
        "status": "reported",
        "title": "Nepal: Eight killed, 10 others injured in road accident in Palpa district",
        "uncertainty_radius_km": null
      },
      "type": "Feature"
    },
    {
      "geometry": {
        "coordinates": [
          84.124,
          28.3949
        ],
        "type": "Point"
      },
      "id": "inc_7ca0c6c90b169e58",
      "properties": {
        "confidence": 0.12,
        "event_start": "2025-10-04T20:00:00",
        "event_type": "road_crash",
        "granularity": "country",
        "incident_id": "inc_7ca0c6c90b169e58",
        "is_incident_location": false,
        "location_name": "Nepal — collection-country fallback; incident place unresolved",
        "method": "collection_country_fallback",
        "sentiment_count": 0,
        "source_count": 1,
        "status": "reported",
        "title": "Road Accident Claims Six Lives in Nepal",
        "uncertainty_radius_km": null
      },
      "type": "Feature"
    },
    {
      "geometry": {
        "coordinates": [
          84.124,
          28.3949
        ],
        "type": "Point"
      },
      "id": "inc_82f68950ab77c5fd",
      "properties": {
        "confidence": 0.12,
        "event_start": "2023-04-12T02:35:00",
        "event_type": "road_crash",
        "granularity": "country",
        "incident_id": "inc_82f68950ab77c5fd",
        "is_incident_location": false,
        "location_name": "Nepal — collection-country fallback; incident place unresolved",
        "method": "collection_country_fallback",
        "sentiment_count": 0,
        "source_count": 1,
        "status": "reported",
        "title": "4 Indian Nationals Killed In Nepal Car Accident",
        "uncertainty_radius_km": null
      },
      "type": "Feature"
    },
    {
      "geometry": {
        "coordinates": [
          84.124,
          28.3949
        ],
        "type": "Point"
      },
      "id": "inc_d042bb049aaa8093",
      "properties": {
        "confidence": 0.12,
        "event_start": "2022-04-24T17:00:00",
        "event_type": "road_crash",
        "granularity": "country",
        "incident_id": "inc_d042bb049aaa8093",
        "is_incident_location": false,
        "location_name": "Nepal — collection-country fallback; incident place unresolved",
        "method": "collection_country_fallback",
        "sentiment_count": 0,
        "source_count": 1,
        "status": "reported",
        "title": "Head-on Bus Collision Nepal",
        "uncertainty_radius_km": null
      },
      "type": "Feature"
    },
    {
      "geometry": {
        "coordinates": [
          174.886,
          -40.9006
        ],
        "type": "Point"
      },
      "id": "inc_3729e427d559ddcc",
      "properties": {
        "confidence": 0.13999999999999999,
        "event_start": "2026-08-10T07:58:00",
        "event_type": "road_crash",
        "granularity": "country",
        "incident_id": "inc_3729e427d559ddcc",
        "is_incident_location": false,
        "location_name": "New Zealand — collection-country fallback; incident place unresolved",
        "method": "collection_country_fallback",
        "sentiment_count": 0,
        "source_count": 2,
        "status": "reported",
        "title": "Ponsonby Rd crash: Bus driver injured, passengers checked by emergency services",
        "uncertainty_radius_km": null
      },
      "type": "Feature"
    },
    {
      "geometry": {
        "coordinates": [
          174.886,
          -40.9006
        ],
        "type": "Point"
      },
      "id": "inc_3009bd71ccabc522",
      "properties": {
        "confidence": 0.12,
        "event_start": "2026-07-31T02:12:00",
        "event_type": "road_crash",
        "granularity": "country",
        "incident_id": "inc_3009bd71ccabc522",
        "is_incident_location": false,
        "location_name": "New Zealand — collection-country fallback; incident place unresolved",
        "method": "collection_country_fallback",
        "sentiment_count": 0,
        "source_count": 1,
        "status": "reported",
        "title": "Person critically hurt in Auckland crash, warning to commuters about major delays",
        "uncertainty_radius_km": null
      },
      "type": "Feature"
    },
    {
      "geometry": {
        "coordinates": [
          174.886,
          -40.9006
        ],
        "type": "Point"
      },
      "id": "inc_9bc9ca8b47f0f173",
      "properties": {
        "confidence": 0.12,
        "event_start": "2022-12-31T01:28:00",
        "event_type": "road_crash",
        "granularity": "country",
        "incident_id": "inc_9bc9ca8b47f0f173",
        "is_incident_location": false,
        "location_name": "New Zealand — collection-country fallback; incident place unresolved",
        "method": "collection_country_fallback",
        "sentiment_count": 0,
        "source_count": 1,
        "status": "reported",
        "title": "Two dead, another hospitalised after two crashes on same Auckland road",
        "uncertainty_radius_km": null
      },
      "type": "Feature"
    },
    {
      "geometry": {
        "coordinates": [
          174.886,
          -40.9006
        ],
        "type": "Point"
      },
      "id": "inc_cf785a4ad504f2e2",
      "properties": {
        "confidence": 0.12,
        "event_start": "2025-05-06T00:04:00",
        "event_type": "road_crash",
        "granularity": "country",
        "incident_id": "inc_cf785a4ad504f2e2",
        "is_incident_location": false,
        "location_name": "New Zealand — collection-country fallback; incident place unresolved",
        "method": "collection_country_fallback",
        "sentiment_count": 0,
        "source_count": 1,
        "status": "reported",
        "title": "One dead as Auckland highways crashes cause traffic chaos",
        "uncertainty_radius_km": null
      },
      "type": "Feature"
    },
    {
      "geometry": {
        "coordinates": [
          174.886,
          -40.9006
        ],
        "type": "Point"
      },
      "id": "inc_58aebf6524922970",
      "properties": {
        "confidence": 0.12,
        "event_start": "2025-05-05T13:19:00",
        "event_type": "road_crash",
        "granularity": "country",
        "incident_id": "inc_58aebf6524922970",
        "is_incident_location": false,
        "location_name": "New Zealand — collection-country fallback; incident place unresolved",
        "method": "collection_country_fallback",
        "sentiment_count": 0,
        "source_count": 1,
        "status": "reported",
        "title": "Auckland traffic: Driver dead in Southwestern Motorway crash, truck smash blocks SH1 near harbour bridge",
        "uncertainty_radius_km": null
      },
      "type": "Feature"
    },
    {
      "geometry": {
        "coordinates": [
          174.886,
          -40.9006
        ],
        "type": "Point"
      },
      "id": "inc_09604bc74173c35b",
      "properties": {
        "confidence": 0.12,
        "event_start": "2025-10-23T10:36:00",
        "event_type": "road_crash",
        "granularity": "country",
        "incident_id": "inc_09604bc74173c35b",
        "is_incident_location": false,
        "location_name": "New Zealand — collection-country fallback; incident place unresolved",
        "method": "collection_country_fallback",
        "sentiment_count": 0,
        "source_count": 1,
        "status": "reported",
        "title": "Auckland bus crash: Mayor Wayne Brown, Desley Simpson pay tribute to dead bus driver",
        "uncertainty_radius_km": null
      },
      "type": "Feature"
    },
    {
      "geometry": {
        "coordinates": [
          174.886,
          -40.9006
        ],
        "type": "Point"
      },
      "id": "inc_f8ccf13350fa59b2",
      "properties": {
        "confidence": 0.12,
        "event_start": "2026-08-10T17:22:00",
        "event_type": "road_crash",
        "granularity": "country",
        "incident_id": "inc_f8ccf13350fa59b2",
        "is_incident_location": false,
        "location_name": "New Zealand — collection-country fallback; incident place unresolved",
        "method": "collection_country_fallback",
        "sentiment_count": 0,
        "source_count": 1,
        "status": "reported",
        "title": "Driverless car travelled 300m after four-vehicle crash on Auckland’s Southern Motorway, witness says",
        "uncertainty_radius_km": null
      },
      "type": "Feature"
    },
    {
      "geometry": {
        "coordinates": [
          174.886,
          -40.9006
        ],
        "type": "Point"
      },
      "id": "inc_99b6f47a17d5b6bc",
      "properties": {
        "confidence": 0.12,
        "event_start": "2026-03-31T11:17:00",
        "event_type": "road_crash",
        "granularity": "country",
        "incident_id": "inc_99b6f47a17d5b6bc",
        "is_incident_location": false,
        "location_name": "New Zealand — collection-country fallback; incident place unresolved",
        "method": "collection_country_fallback",
        "sentiment_count": 0,
        "source_count": 1,
        "status": "reported",
        "title": "Two-car crash on Auckland’s Upper Harbour Motorway triggers delays, heavy congestion",
        "uncertainty_radius_km": null
      },
      "type": "Feature"
    },
    {
      "geometry": {
        "coordinates": [
          174.886,
          -40.9006
        ],
        "type": "Point"
      },
      "id": "inc_d64acba1ff9babda",
      "properties": {
        "confidence": 0.12,
        "event_start": "2026-08-04T14:37:00",
        "event_type": "road_crash",
        "granularity": "country",
        "incident_id": "inc_d64acba1ff9babda",
        "is_incident_location": false,
        "location_name": "New Zealand — collection-country fallback; incident place unresolved",
        "method": "collection_country_fallback",
        "sentiment_count": 0,
        "source_count": 1,
        "status": "reported",
        "title": "Charges to be laid after schoolboy cyclists hit, dog killed in Auckland",
        "uncertainty_radius_km": null
      },
      "type": "Feature"
    },
    {
      "geometry": {
        "coordinates": [
          69.3451,
          30.3753
        ],
        "type": "Point"
      },
      "id": "inc_2f84f52c595b1c7c",
      "properties": {
        "confidence": 0.13999999999999999,
        "event_start": "2024-05-29T08:00:00",
        "event_type": "road_crash",
        "granularity": "country",
        "incident_id": "inc_2f84f52c595b1c7c",
        "is_incident_location": false,
        "location_name": "Pakistan — collection-country fallback; incident place unresolved",
        "method": "collection_country_fallback",
        "sentiment_count": 0,
        "source_count": 2,
        "status": "reported",
        "title": "At least 28 killed after bus falls into ravine in Pakistan’s Balochistan",
        "uncertainty_radius_km": null
      },
      "type": "Feature"
    },
    {
      "geometry": {
        "coordinates": [
          69.3451,
          30.3753
        ],
        "type": "Point"
      },
      "id": "inc_4b82823672814ac3",
      "properties": {
        "confidence": 0.12,
        "event_start": "2024-08-25T07:36:00",
        "event_type": "road_crash",
        "granularity": "country",
        "incident_id": "inc_4b82823672814ac3",
        "is_incident_location": false,
        "location_name": "Pakistan — collection-country fallback; incident place unresolved",
        "method": "collection_country_fallback",
        "sentiment_count": 0,
        "source_count": 1,
        "status": "reported",
        "title": "Pakistan bus accidents kill at least 34, authorities say",
        "uncertainty_radius_km": null
      },
      "type": "Feature"
    },
    {
      "geometry": {
        "coordinates": [
          69.3451,
          30.3753
        ],
        "type": "Point"
      },
      "id": "inc_d3e7a0a673c82922",
      "properties": {
        "confidence": 0.12,
        "event_start": "2026-08-11T00:36:00",
        "event_type": "road_crash",
        "granularity": "country",
        "incident_id": "inc_d3e7a0a673c82922",
        "is_incident_location": false,
        "location_name": "Pakistan — collection-country fallback; incident place unresolved",
        "method": "collection_country_fallback",
        "sentiment_count": 0,
        "source_count": 1,
        "status": "reported",
        "title": "Two women injured in road mishap in Karachi",
        "uncertainty_radius_km": null
      },
      "type": "Feature"
    },
    {
      "geometry": {
        "coordinates": [
          69.3451,
          30.3753
        ],
        "type": "Point"
      },
      "id": "inc_9464c5f496367047",
      "properties": {
        "confidence": 0.12,
        "event_start": "2024-05-29T07:40:00",
        "event_type": "road_crash",
        "granularity": "country",
        "incident_id": "inc_9464c5f496367047",
        "is_incident_location": false,
        "location_name": "Pakistan — collection-country fallback; incident place unresolved",
        "method": "collection_country_fallback",
        "sentiment_count": 0,
        "source_count": 1,
        "status": "reported",
        "title": "Pakistan bus crash kills 27",
        "uncertainty_radius_km": null
      },
      "type": "Feature"
    },
    {
      "geometry": {
        "coordinates": [
          69.3451,
          30.3753
        ],
        "type": "Point"
      },
      "id": "inc_798e030a1871f36e",
      "properties": {
        "confidence": 0.12,
        "event_start": "2025-06-01T13:39:00",
        "event_type": "road_crash",
        "granularity": "country",
        "incident_id": "inc_798e030a1871f36e",
        "is_incident_location": false,
        "location_name": "Pakistan — collection-country fallback; incident place unresolved",
        "method": "collection_country_fallback",
        "sentiment_count": 0,
        "source_count": 1,
        "status": "reported",
        "title": "Professor among six killed in separate road accidents across Karachi",
        "uncertainty_radius_km": null
      },
      "type": "Feature"
    },
    {
      "geometry": {
        "coordinates": [
          69.3451,
          30.3753
        ],
        "type": "Point"
      },
      "id": "inc_aad57ce4ab0921d8",
      "properties": {
        "confidence": 0.12,
        "event_start": "2025-08-09T19:12:00",
        "event_type": "road_crash",
        "granularity": "country",
        "incident_id": "inc_aad57ce4ab0921d8",
        "is_incident_location": false,
        "location_name": "Pakistan — collection-country fallback; incident place unresolved",
        "method": "collection_country_fallback",
        "sentiment_count": 3,
        "source_count": 1,
        "status": "reported",
        "title": "Two siblings killed in Karachi road accident as protesters torch dumpers",
        "uncertainty_radius_km": null
      },
      "type": "Feature"
    },
    {
      "geometry": {
        "coordinates": [
          69.3451,
          30.3753
        ],
        "type": "Point"
      },
      "id": "inc_e74cd039b7a58065",
      "properties": {
        "confidence": 0.12,
        "event_start": "2026-03-15T21:17:00",
        "event_type": "road_crash",
        "granularity": "country",
        "incident_id": "inc_e74cd039b7a58065",
        "is_incident_location": false,
        "location_name": "Pakistan — collection-country fallback; incident place unresolved",
        "method": "collection_country_fallback",
        "sentiment_count": 0,
        "source_count": 1,
        "status": "reported",
        "title": "Three injured in motorcycle accident in Punjab",
        "uncertainty_radius_km": null
      },
      "type": "Feature"
    },
    {
      "geometry": {
        "coordinates": [
          69.3451,
          30.3753
        ],
        "type": "Point"
      },
      "id": "inc_869149e6b80d3817",
      "properties": {
        "confidence": 0.12,
        "event_start": "2026-06-17T23:55:00",
        "event_type": "road_crash",
        "granularity": "country",
        "incident_id": "inc_869149e6b80d3817",
        "is_incident_location": false,
        "location_name": "Pakistan — collection-country fallback; incident place unresolved",
        "method": "collection_country_fallback",
        "sentiment_count": 0,
        "source_count": 1,
        "status": "reported",
        "title": "Minor girl dies in motorcycle accident",
        "uncertainty_radius_km": null
      },
      "type": "Feature"
    },
    {
      "geometry": {
        "coordinates": [
          69.3451,
          30.3753
        ],
        "type": "Point"
      },
      "id": "inc_0a76e53d5e60ad66",
      "properties": {
        "confidence": 0.12,
        "event_start": "2014-11-10T16:00:00",
        "event_type": "road_crash",
        "granularity": "country",
        "incident_id": "inc_0a76e53d5e60ad66",
        "is_incident_location": false,
        "location_name": "Pakistan — collection-country fallback; incident place unresolved",
        "method": "collection_country_fallback",
        "sentiment_count": 0,
        "source_count": 1,
        "status": "reported",
        "title": "58 killed in road accident in south Pakistan",
        "uncertainty_radius_km": null
      },
      "type": "Feature"
    },
    {
      "geometry": {
        "coordinates": [
          -75.0152,
          -9.19
        ],
        "type": "Point"
      },
      "id": "inc_1918bf026e85952e",
      "properties": {
        "confidence": 0.13999999999999999,
        "event_start": "2026-08-08T07:00:00",
        "event_type": "road_crash",
        "granularity": "country",
        "incident_id": "inc_1918bf026e85952e",
        "is_incident_location": false,
        "location_name": "Peru — collection-country fallback; incident place unresolved",
        "method": "collection_country_fallback",
        "sentiment_count": 0,
        "source_count": 2,
        "status": "reported",
        "title": "Tragedia vial en Perú: 13 muertos tras choque entre miniván y tráiler en Cusco",
        "uncertainty_radius_km": null
      },
      "type": "Feature"
    },
    {
      "geometry": {
        "coordinates": [
          -75.0152,
          -9.19
        ],
        "type": "Point"
      },
      "id": "inc_aa079a940dc49ea4",
      "properties": {
        "confidence": 0.12,
        "event_start": "2026-06-09T07:00:00",
        "event_type": "road_crash",
        "granularity": "country",
        "incident_id": "inc_aa079a940dc49ea4",
        "is_incident_location": false,
        "location_name": "Peru — collection-country fallback; incident place unresolved",
        "method": "collection_country_fallback",
        "sentiment_count": 0,
        "source_count": 1,
        "status": "reported",
        "title": "Bus choca en Carabayllo y deja un muerto",
        "uncertainty_radius_km": null
      },
      "type": "Feature"
    },
    {
      "geometry": {
        "coordinates": [
          -75.0152,
          -9.19
        ],
        "type": "Point"
      },
      "id": "inc_6c3c8f6ef0c1faec",
      "properties": {
        "confidence": 0.12,
        "event_start": "2026-07-04T07:00:00",
        "event_type": "road_crash",
        "granularity": "country",
        "incident_id": "inc_6c3c8f6ef0c1faec",
        "is_incident_location": false,
        "location_name": "Peru — collection-country fallback; incident place unresolved",
        "method": "collection_country_fallback",
        "sentiment_count": 0,
        "source_count": 1,
        "status": "reported",
        "title": "Puno: accidente de tránsito deja 4 fallecidos y 13 heridos en carretera Juliaca-Arequipa",
        "uncertainty_radius_km": null
      },
      "type": "Feature"
    },
    {
      "geometry": {
        "coordinates": [
          -75.0152,
          -9.19
        ],
        "type": "Point"
      },
      "id": "inc_908dc3c9d823b1cb",
      "properties": {
        "confidence": 0.12,
        "event_start": "2026-05-29T07:00:00",
        "event_type": "road_crash",
        "granularity": "country",
        "incident_id": "inc_908dc3c9d823b1cb",
        "is_incident_location": false,
        "location_name": "Peru — collection-country fallback; incident place unresolved",
        "method": "collection_country_fallback",
        "sentiment_count": 0,
        "source_count": 1,
        "status": "reported",
        "title": "Dos fallecidos y siete heridos en accidente de tránsito en La Libertad",
        "uncertainty_radius_km": null
      },
      "type": "Feature"
    },
    {
      "geometry": {
        "coordinates": [
          -75.0152,
          -9.19
        ],
        "type": "Point"
      },
      "id": "inc_9bca2e22d8c0dc73",
      "properties": {
        "confidence": 0.12,
        "event_start": "2026-06-30T07:00:00",
        "event_type": "road_crash",
        "granularity": "country",
        "incident_id": "inc_9bca2e22d8c0dc73",
        "is_incident_location": false,
        "location_name": "Peru — collection-country fallback; incident place unresolved",
        "method": "collection_country_fallback",
        "sentiment_count": 0,
        "source_count": 1,
        "status": "reported",
        "title": "Fatal accidente en la vía Moquegua–Arequipa deja tres muertos y 13 heridos",
        "uncertainty_radius_km": null
      },
      "type": "Feature"
    },
    {
      "geometry": {
        "coordinates": [
          -75.0152,
          -9.19
        ],
        "type": "Point"
      },
      "id": "inc_18d1d8d6dd5e272f",
      "properties": {
        "confidence": 0.12,
        "event_start": "2026-05-29T07:00:00",
        "event_type": "road_crash",
        "granularity": "country",
        "incident_id": "inc_18d1d8d6dd5e272f",
        "is_incident_location": false,
        "location_name": "Peru — collection-country fallback; incident place unresolved",
        "method": "collection_country_fallback",
        "sentiment_count": 0,
        "source_count": 1,
        "status": "reported",
        "title": "URGENTE | Fuerte choque en La Victoria: bus con pasajeros impacta contra camión y deja 13 heridos",
        "uncertainty_radius_km": null
      },
      "type": "Feature"
    },
    {
      "geometry": {
        "coordinates": [
          -75.0152,
          -9.19
        ],
        "type": "Point"
      },
      "id": "inc_f20417ef77023608",
      "properties": {
        "confidence": 0.12,
        "event_start": "2026-08-09T00:44:00",
        "event_type": "road_crash",
        "granularity": "country",
        "incident_id": "inc_f20417ef77023608",
        "is_incident_location": false,
        "location_name": "Peru — collection-country fallback; incident place unresolved",
        "method": "collection_country_fallback",
        "sentiment_count": 0,
        "source_count": 1,
        "status": "reported",
        "title": "Al menos 13 muertos y cuatro heridos en accidente de tránsito registrado en Perú",
        "uncertainty_radius_km": null
      },
      "type": "Feature"
    },
    {
      "geometry": {
        "coordinates": [
          -75.0152,
          -9.19
        ],
        "type": "Point"
      },
      "id": "inc_313dbf7fd4323bd2",
      "properties": {
        "confidence": 0.12,
        "event_start": "2026-06-27T07:00:00",
        "event_type": "road_crash",
        "granularity": "country",
        "incident_id": "inc_313dbf7fd4323bd2",
        "is_incident_location": false,
        "location_name": "Peru — collection-country fallback; incident place unresolved",
        "method": "collection_country_fallback",
        "sentiment_count": 0,
        "source_count": 1,
        "status": "reported",
        "title": "Exitosa Noticias. . 🔴🔵 #ExitosaDeportes⚽⚽ | Un accidente de tránsito dejó como saldo, al menos, cinco personas heridas en el Parque Universitario, en el Cercado de Lima. 📻 95.5 FM 📡 6.1 señal digital abierta 📺 Movistar: 34 SD - 734 HD 🌐 exitosanoticias.p",
        "uncertainty_radius_km": null
      },
      "type": "Feature"
    },
    {
      "geometry": {
        "coordinates": [
          -75.0152,
          -9.19
        ],
        "type": "Point"
      },
      "id": "inc_8d0c52f90acc032c",
      "properties": {
        "confidence": 0.12,
        "event_start": "2026-07-25T07:00:00",
        "event_type": "road_crash",
        "granularity": "country",
        "incident_id": "inc_8d0c52f90acc032c",
        "is_incident_location": false,
        "location_name": "Peru — collection-country fallback; incident place unresolved",
        "method": "collection_country_fallback",
        "sentiment_count": 0,
        "source_count": 1,
        "status": "reported",
        "title": "Trágico accidente en la Panamericana Sur deja cinco fallecidos y varios heridos en Tacna",
        "uncertainty_radius_km": null
      },
      "type": "Feature"
    },
    {
      "geometry": {
        "coordinates": [
          121.774,
          12.8797
        ],
        "type": "Point"
      },
      "id": "inc_441f9cfa9e63b4c1",
      "properties": {
        "confidence": 0.13999999999999999,
        "event_start": "2025-05-01T05:13:00",
        "event_type": "road_crash",
        "granularity": "country",
        "incident_id": "inc_441f9cfa9e63b4c1",
        "is_incident_location": false,
        "location_name": "Philippines — collection-country fallback; incident place unresolved",
        "method": "collection_country_fallback",
        "sentiment_count": 0,
        "source_count": 2,
        "status": "reported",
        "title": "10 killed in Philippines after passenger bus slams into vehicles at a toll booth",
        "uncertainty_radius_km": null
      },
      "type": "Feature"
    },
    {
      "geometry": {
        "coordinates": [
          121.774,
          12.8797
        ],
        "type": "Point"
      },
      "id": "inc_9722274c9f006fcc",
      "properties": {
        "confidence": 0.13999999999999999,
        "event_start": "2025-05-02T11:49:00",
        "event_type": "road_crash",
        "granularity": "country",
        "incident_id": "inc_9722274c9f006fcc",
        "is_incident_location": false,
        "location_name": "Philippines — collection-country fallback; incident place unresolved",
        "method": "collection_country_fallback",
        "sentiment_count": 0,
        "source_count": 2,
        "status": "reported",
        "title": "At least 10 killed, dozens injured in Philippines road crash",
        "uncertainty_radius_km": null
      },
      "type": "Feature"
    },
    {
      "geometry": {
        "coordinates": [
          121.774,
          12.8797
        ],
        "type": "Point"
      },
      "id": "inc_a8f9cd1d3e3d5eaf",
      "properties": {
        "confidence": 0.13999999999999999,
        "event_start": "2019-10-17T13:37:00",
        "event_type": "road_crash",
        "granularity": "country",
        "incident_id": "inc_a8f9cd1d3e3d5eaf",
        "is_incident_location": false,
        "location_name": "Philippines — collection-country fallback; incident place unresolved",
        "method": "collection_country_fallback",
        "sentiment_count": 0,
        "source_count": 2,
        "status": "reported",
        "title": "Philippines' Duterte 'in Good Hands' after Motorcycle Accident",
        "uncertainty_radius_km": null
      },
      "type": "Feature"
    },
    {
      "geometry": {
        "coordinates": [
          121.774,
          12.8797
        ],
        "type": "Point"
      },
      "id": "inc_c1f449dac221b616",
      "properties": {
        "confidence": 0.12,
        "event_start": "2024-03-25T13:55:00",
        "event_type": "road_crash",
        "granularity": "country",
        "incident_id": "inc_c1f449dac221b616",
        "is_incident_location": false,
        "location_name": "Philippines — collection-country fallback; incident place unresolved",
        "method": "collection_country_fallback",
        "sentiment_count": 0,
        "source_count": 1,
        "status": "reported",
        "title": "Tragic accident in Philippines: 17 killed as van engulfed in flames after collision with cargo truck",
        "uncertainty_radius_km": null
      },
      "type": "Feature"
    },
    {
      "geometry": {
        "coordinates": [
          121.774,
          12.8797
        ],
        "type": "Point"
      },
      "id": "inc_cd5d155574c5a07f",
      "properties": {
        "confidence": 0.12,
        "event_start": "2025-05-01T10:02:00",
        "event_type": "road_crash",
        "granularity": "country",
        "incident_id": "inc_cd5d155574c5a07f",
        "is_incident_location": false,
        "location_name": "Philippines — collection-country fallback; incident place unresolved",
        "method": "collection_country_fallback",
        "sentiment_count": 0,
        "source_count": 1,
        "status": "reported",
        "title": "Philippines: Ten killed, 37 injured as bus rams vehicles at toll gate",
        "uncertainty_radius_km": null
      },
      "type": "Feature"
    },
    {
      "geometry": {
        "coordinates": [
          121.774,
          12.8797
        ],
        "type": "Point"
      },
      "id": "inc_eec5799d0c601ec1",
      "properties": {
        "confidence": 0.12,
        "event_start": "2025-08-20T19:34:00",
        "event_type": "road_crash",
        "granularity": "country",
        "incident_id": "inc_eec5799d0c601ec1",
        "is_incident_location": false,
        "location_name": "Philippines — collection-country fallback; incident place unresolved",
        "method": "collection_country_fallback",
        "sentiment_count": 0,
        "source_count": 1,
        "status": "reported",
        "title": "5 people injured in road crash in Manila",
        "uncertainty_radius_km": null
      },
      "type": "Feature"
    },
    {
      "geometry": {
        "coordinates": [
          121.774,
          12.8797
        ],
        "type": "Point"
      },
      "id": "inc_2b0c8829cd384a48",
      "properties": {
        "confidence": 0.12,
        "event_start": "2024-07-23T02:30:00",
        "event_type": "road_crash",
        "granularity": "country",
        "incident_id": "inc_2b0c8829cd384a48",
        "is_incident_location": false,
        "location_name": "Philippines — collection-country fallback; incident place unresolved",
        "method": "collection_country_fallback",
        "sentiment_count": 0,
        "source_count": 1,
        "status": "reported",
        "title": "Road accident in southern Philippines results in 2 deaths, 3 injuries",
        "uncertainty_radius_km": null
      },
      "type": "Feature"
    },
    {
      "geometry": {
        "coordinates": [
          19.1451,
          51.9194
        ],
        "type": "Point"
      },
      "id": "inc_27ce81734a52507b",
      "properties": {
        "confidence": 0.12,
        "event_start": "2026-02-18T08:00:00",
        "event_type": "road_crash",
        "granularity": "country",
        "incident_id": "inc_27ce81734a52507b",
        "is_incident_location": false,
        "location_name": "Poland — collection-country fallback; incident place unresolved",
        "method": "collection_country_fallback",
        "sentiment_count": 0,
        "source_count": 1,
        "status": "reported",
        "title": "Tragiczny wypadek w Indiach. Nie żyje Polak. Był stewardem w PLL LOT",
        "uncertainty_radius_km": null
      },
      "type": "Feature"
    },
    {
      "geometry": {
        "coordinates": [
          19.1451,
          51.9194
        ],
        "type": "Point"
      },
      "id": "inc_4afe5f08bc648c22",
      "properties": {
        "confidence": 0.12,
        "event_start": "2026-02-19T08:00:00",
        "event_type": "road_crash",
        "granularity": "country",
        "incident_id": "inc_4afe5f08bc648c22",
        "is_incident_location": false,
        "location_name": "Poland — collection-country fallback; incident place unresolved",
        "method": "collection_country_fallback",
        "sentiment_count": 0,
        "source_count": 1,
        "status": "reported",
        "title": "Polak zginął w wypadku drogowym. Tragedia w Indiach",
        "uncertainty_radius_km": null
      },
      "type": "Feature"
    },
    {
      "geometry": {
        "coordinates": [
          19.1451,
          51.9194
        ],
        "type": "Point"
      },
      "id": "inc_541b2fb7b8685790",
      "properties": {
        "confidence": 0.12,
        "event_start": "2026-04-17T07:00:00",
        "event_type": "road_crash",
        "granularity": "country",
        "incident_id": "inc_541b2fb7b8685790",
        "is_incident_location": false,
        "location_name": "Poland — collection-country fallback; incident place unresolved",
        "method": "collection_country_fallback",
        "sentiment_count": 0,
        "source_count": 1,
        "status": "reported",
        "title": "Kierowca zginął w wypadku na S11 pod Poznaniem. Z auta nic nie zostało",
        "uncertainty_radius_km": null
      },
      "type": "Feature"
    },
    {
      "geometry": {
        "coordinates": [
          19.1451,
          51.9194
        ],
        "type": "Point"
      },
      "id": "inc_1f68bc7efb5a1935",
      "properties": {
        "confidence": 0.12,
        "event_start": "2026-06-07T07:00:00",
        "event_type": "road_crash",
        "granularity": "country",
        "incident_id": "inc_1f68bc7efb5a1935",
        "is_incident_location": false,
        "location_name": "Poland — collection-country fallback; incident place unresolved",
        "method": "collection_country_fallback",
        "sentiment_count": 0,
        "source_count": 1,
        "status": "reported",
        "title": "Tragiczny wypadek w Ząbkach na DW631. Siła uderzenia rozerwała audi na pół",
        "uncertainty_radius_km": null
      },
      "type": "Feature"
    },
    {
      "geometry": {
        "coordinates": [
          19.1451,
          51.9194
        ],
        "type": "Point"
      },
      "id": "inc_e1423b2a7ea62aa7",
      "properties": {
        "confidence": 0.12,
        "event_start": "2026-02-18T08:00:00",
        "event_type": "road_crash",
        "granularity": "country",
        "incident_id": "inc_e1423b2a7ea62aa7",
        "is_incident_location": false,
        "location_name": "Poland — collection-country fallback; incident place unresolved",
        "method": "collection_country_fallback",
        "sentiment_count": 0,
        "source_count": 1,
        "status": "reported",
        "title": "Wypadek polskich turystów w Indiach. Lokalne media ujawniają szczegóły",
        "uncertainty_radius_km": null
      },
      "type": "Feature"
    },
    {
      "geometry": {
        "coordinates": [
          19.1451,
          51.9194
        ],
        "type": "Point"
      },
      "id": "inc_013915f55b8df17d",
      "properties": {
        "confidence": 0.12,
        "event_start": "2026-07-12T07:00:00",
        "event_type": "road_crash",
        "granularity": "country",
        "incident_id": "inc_013915f55b8df17d",
        "is_incident_location": false,
        "location_name": "Poland — collection-country fallback; incident place unresolved",
        "method": "collection_country_fallback",
        "sentiment_count": 0,
        "source_count": 1,
        "status": "reported",
        "title": "13-latek jechał z rodzicami, zginął na miejscu. Tragiczny wypadek w Chabielicach",
        "uncertainty_radius_km": null
      },
      "type": "Feature"
    },
    {
      "geometry": {
        "coordinates": [
          19.1451,
          51.9194
        ],
        "type": "Point"
      },
      "id": "inc_1e3dfd82b6f53898",
      "properties": {
        "confidence": 0.12,
        "event_start": "2026-07-14T07:00:00",
        "event_type": "road_crash",
        "granularity": "country",
        "incident_id": "inc_1e3dfd82b6f53898",
        "is_incident_location": false,
        "location_name": "Poland — collection-country fallback; incident place unresolved",
        "method": "collection_country_fallback",
        "sentiment_count": 0,
        "source_count": 1,
        "status": "reported",
        "title": "Tragiczny wypadek pod Szczytnem, za kierownicą nieletni. Jedna osoba nie żyje, sześć zostało rannych",
        "uncertainty_radius_km": null
      },
      "type": "Feature"
    },
    {
      "geometry": {
        "coordinates": [
          19.1451,
          51.9194
        ],
        "type": "Point"
      },
      "id": "inc_6905d9c276bf5461",
      "properties": {
        "confidence": 0.12,
        "event_start": "2026-05-11T07:00:00",
        "event_type": "road_crash",
        "granularity": "country",
        "incident_id": "inc_6905d9c276bf5461",
        "is_incident_location": false,
        "location_name": "Poland — collection-country fallback; incident place unresolved",
        "method": "collection_country_fallback",
        "sentiment_count": 0,
        "source_count": 1,
        "status": "reported",
        "title": "Tragiczny wypadek pod Karlinem. Kierowca BMW zginął po uderzeniu w drzewo",
        "uncertainty_radius_km": null
      },
      "type": "Feature"
    },
    {
      "geometry": {
        "coordinates": [
          19.1451,
          51.9194
        ],
        "type": "Point"
      },
      "id": "inc_2e703e979bbe7fc1",
      "properties": {
        "confidence": 0.12,
        "event_start": "2026-04-22T07:00:00",
        "event_type": "road_crash",
        "granularity": "country",
        "incident_id": "inc_2e703e979bbe7fc1",
        "is_incident_location": false,
        "location_name": "Poland — collection-country fallback; incident place unresolved",
        "method": "collection_country_fallback",
        "sentiment_count": 0,
        "source_count": 1,
        "status": "reported",
        "title": "Śmiertelny wypadek rowerzystki w Inowrocławiu. 45-latka zginęła potrącona na pasach",
        "uncertainty_radius_km": null
      },
      "type": "Feature"
    },
    {
      "geometry": {
        "coordinates": [
          19.1451,
          51.9194
        ],
        "type": "Point"
      },
      "id": "inc_5df3c11e0ed50e64",
      "properties": {
        "confidence": 0.12,
        "event_start": "2026-05-04T07:00:00",
        "event_type": "road_crash",
        "granularity": "country",
        "incident_id": "inc_5df3c11e0ed50e64",
        "is_incident_location": false,
        "location_name": "Poland — collection-country fallback; incident place unresolved",
        "method": "collection_country_fallback",
        "sentiment_count": 0,
        "source_count": 1,
        "status": "reported",
        "title": "Śmiertelny wypadek pod Świeciem. Nie żyje kierowca osobówki [aktualizacja]",
        "uncertainty_radius_km": null
      },
      "type": "Feature"
    },
    {
      "geometry": {
        "coordinates": [
          -8.2245,
          39.3999
        ],
        "type": "Point"
      },
      "id": "inc_902438c3a6e267b3",
      "properties": {
        "confidence": 0.13999999999999999,
        "event_start": "2026-08-03T21:17:31",
        "event_type": "road_crash",
        "granularity": "country",
        "incident_id": "inc_902438c3a6e267b3",
        "is_incident_location": false,
        "location_name": "Portugal — collection-country fallback; incident place unresolved",
        "method": "collection_country_fallback",
        "sentiment_count": 0,
        "source_count": 2,
        "status": "reported",
        "title": "Acidente rodoviário provoca um morto e dois feridos na Madeira",
        "uncertainty_radius_km": null
      },
      "type": "Feature"
    },
    {
      "geometry": {
        "coordinates": [
          -8.2245,
          39.3999
        ],
        "type": "Point"
      },
      "id": "inc_0e0b3f493a82ed92",
      "properties": {
        "confidence": 0.12,
        "event_start": "2026-07-09T07:00:00",
        "event_type": "road_crash",
        "granularity": "country",
        "incident_id": "inc_0e0b3f493a82ed92",
        "is_incident_location": false,
        "location_name": "Portugal — collection-country fallback; incident place unresolved",
        "method": "collection_country_fallback",
        "sentiment_count": 0,
        "source_count": 1,
        "status": "reported",
        "title": "Acidente de autocarro faz três feridos. Via Bucelas-Loures cortada",
        "uncertainty_radius_km": null
      },
      "type": "Feature"
    },
    {
      "geometry": {
        "coordinates": [
          -8.2245,
          39.3999
        ],
        "type": "Point"
      },
      "id": "inc_735093c4f55b3fa3",
      "properties": {
        "confidence": 0.12,
        "event_start": "2026-07-07T07:00:00",
        "event_type": "road_crash",
        "granularity": "country",
        "incident_id": "inc_735093c4f55b3fa3",
        "is_incident_location": false,
        "location_name": "Portugal — collection-country fallback; incident place unresolved",
        "method": "collection_country_fallback",
        "sentiment_count": 0,
        "source_count": 1,
        "status": "reported",
        "title": "Portugal: Acidente de autocarro em Agualva e Mira-Sintra provoca duas mortes e vários feridos",
        "uncertainty_radius_km": null
      },
      "type": "Feature"
    },
    {
      "geometry": {
        "coordinates": [
          -8.2245,
          39.3999
        ],
        "type": "Point"
      },
      "id": "inc_84eaca6a21029600",
      "properties": {
        "confidence": 0.12,
        "event_start": "2026-05-31T07:00:00",
        "event_type": "road_crash",
        "granularity": "country",
        "incident_id": "inc_84eaca6a21029600",
        "is_incident_location": false,
        "location_name": "Portugal — collection-country fallback; incident place unresolved",
        "method": "collection_country_fallback",
        "sentiment_count": 0,
        "source_count": 1,
        "status": "reported",
        "title": "Pelo menos oito mortos e 33 feridos em acidente de autocarro na Turquia. Bebé de nove meses entre as vítimas mortais",
        "uncertainty_radius_km": null
      },
      "type": "Feature"
    },
    {
      "geometry": {
        "coordinates": [
          -8.2245,
          39.3999
        ],
        "type": "Point"
      },
      "id": "inc_fc576bdb44f262fe",
      "properties": {
        "confidence": 0.12,
        "event_start": "2026-05-25T07:00:00",
        "event_type": "road_crash",
        "granularity": "country",
        "incident_id": "inc_fc576bdb44f262fe",
        "is_incident_location": false,
        "location_name": "Portugal — collection-country fallback; incident place unresolved",
        "method": "collection_country_fallback",
        "sentiment_count": 0,
        "source_count": 1,
        "status": "reported",
        "title": "Seis feridos numa colisão entre dois automóveis. Helicóptero do Samu mobilizado",
        "uncertainty_radius_km": null
      },
      "type": "Feature"
    },
    {
      "geometry": {
        "coordinates": [
          -8.2245,
          39.3999
        ],
        "type": "Point"
      },
      "id": "inc_07ffc973dcb7ba8d",
      "properties": {
        "confidence": 0.12,
        "event_start": "2026-07-01T07:00:00",
        "event_type": "road_crash",
        "granularity": "country",
        "incident_id": "inc_07ffc973dcb7ba8d",
        "is_incident_location": false,
        "location_name": "Portugal — collection-country fallback; incident place unresolved",
        "method": "collection_country_fallback",
        "sentiment_count": 0,
        "source_count": 1,
        "status": "reported",
        "title": "Catalunha. 46 feridos em embate de autocarro contra fachada de edifício",
        "uncertainty_radius_km": null
      },
      "type": "Feature"
    },
    {
      "geometry": {
        "coordinates": [
          -8.2245,
          39.3999
        ],
        "type": "Point"
      },
      "id": "inc_3825cb9d1b40f5a4",
      "properties": {
        "confidence": 0.12,
        "event_start": "2026-07-12T07:00:00",
        "event_type": "road_crash",
        "granularity": "country",
        "incident_id": "inc_3825cb9d1b40f5a4",
        "is_incident_location": false,
        "location_name": "Portugal — collection-country fallback; incident place unresolved",
        "method": "collection_country_fallback",
        "sentiment_count": 0,
        "source_count": 1,
        "status": "reported",
        "title": "Pelo menos três mortos e 29 feridos em acidente de viação no centro de Moçambique",
        "uncertainty_radius_km": null
      },
      "type": "Feature"
    },
    {
      "geometry": {
        "coordinates": [
          -8.2245,
          39.3999
        ],
        "type": "Point"
      },
      "id": "inc_2f03ec9d722321ff",
      "properties": {
        "confidence": 0.12,
        "event_start": "2026-05-31T07:00:00",
        "event_type": "road_crash",
        "granularity": "country",
        "incident_id": "inc_2f03ec9d722321ff",
        "is_incident_location": false,
        "location_name": "Portugal — collection-country fallback; incident place unresolved",
        "method": "collection_country_fallback",
        "sentiment_count": 0,
        "source_count": 1,
        "status": "reported",
        "title": "Festejos pelo título do PSG resultaram já num morto e em feridos graves",
        "uncertainty_radius_km": null
      },
      "type": "Feature"
    },
    {
      "geometry": {
        "coordinates": [
          -8.2245,
          39.3999
        ],
        "type": "Point"
      },
      "id": "inc_eca0f5cb9d97226e",
      "properties": {
        "confidence": 0.12,
        "event_start": "2026-08-08T07:00:00",
        "event_type": "road_crash",
        "granularity": "country",
        "incident_id": "inc_eca0f5cb9d97226e",
        "is_incident_location": false,
        "location_name": "Portugal — collection-country fallback; incident place unresolved",
        "method": "collection_country_fallback",
        "sentiment_count": 0,
        "source_count": 1,
        "status": "reported",
        "title": "Acidente de viação em Cabo Ledo causa 28 feridos",
        "uncertainty_radius_km": null
      },
      "type": "Feature"
    },
    {
      "geometry": {
        "coordinates": [
          45.0792,
          23.8859
        ],
        "type": "Point"
      },
      "id": "inc_98d511dce15743f7",
      "properties": {
        "confidence": 0.13999999999999999,
        "event_start": "2023-03-28T15:17:00",
        "event_type": "road_crash",
        "granularity": "country",
        "incident_id": "inc_98d511dce15743f7",
        "is_incident_location": false,
        "location_name": "Saudi Arabia — collection-country fallback; incident place unresolved",
        "method": "collection_country_fallback",
        "sentiment_count": 0,
        "source_count": 2,
        "status": "reported",
        "title": "Eight Bangladeshis killed, 18 injured in Saudi bus crash",
        "uncertainty_radius_km": null
      },
      "type": "Feature"
    },
    {
      "geometry": {
        "coordinates": [
          45.0792,
          23.8859
        ],
        "type": "Point"
      },
      "id": "inc_e6d21f1ef43052a8",
      "properties": {
        "confidence": 0.12,
        "event_start": "2026-07-06T02:49:00",
        "event_type": "road_crash",
        "granularity": "country",
        "incident_id": "inc_e6d21f1ef43052a8",
        "is_incident_location": false,
        "location_name": "Saudi Arabia — collection-country fallback; incident place unresolved",
        "method": "collection_country_fallback",
        "sentiment_count": 0,
        "source_count": 1,
        "status": "reported",
        "title": "Saudi TV presenter Saud Al-Otaibi dies in horrific car accident",
        "uncertainty_radius_km": null
      },
      "type": "Feature"
    },
    {
      "geometry": {
        "coordinates": [
          45.0792,
          23.8859
        ],
        "type": "Point"
      },
      "id": "inc_07f62d297632b7f4",
      "properties": {
        "confidence": 0.12,
        "event_start": "2014-10-23T16:42:00",
        "event_type": "road_crash",
        "granularity": "country",
        "incident_id": "inc_07f62d297632b7f4",
        "is_incident_location": false,
        "location_name": "Saudi Arabia — collection-country fallback; incident place unresolved",
        "method": "collection_country_fallback",
        "sentiment_count": 0,
        "source_count": 1,
        "status": "reported",
        "title": "Another Bangladeshi dies in Saudi Arabia road crash",
        "uncertainty_radius_km": null
      },
      "type": "Feature"
    },
    {
      "geometry": {
        "coordinates": [
          45.0792,
          23.8859
        ],
        "type": "Point"
      },
      "id": "inc_752ac361ff2dbd4c",
      "properties": {
        "confidence": 0.12,
        "event_start": "2019-05-02T15:18:00",
        "event_type": "road_crash",
        "granularity": "country",
        "incident_id": "inc_752ac361ff2dbd4c",
        "is_incident_location": false,
        "location_name": "Saudi Arabia — collection-country fallback; incident place unresolved",
        "method": "collection_country_fallback",
        "sentiment_count": 0,
        "source_count": 1,
        "status": "reported",
        "title": "At least 10 Bangladeshis killed in Saudi Arabia car crash",
        "uncertainty_radius_km": null
      },
      "type": "Feature"
    },
    {
      "geometry": {
        "coordinates": [
          45.0792,
          23.8859
        ],
        "type": "Point"
      },
      "id": "inc_4570234ffba5a5b4",
      "properties": {
        "confidence": 0.12,
        "event_start": "2024-06-14T13:28:00",
        "event_type": "road_crash",
        "granularity": "country",
        "incident_id": "inc_4570234ffba5a5b4",
        "is_incident_location": false,
        "location_name": "Saudi Arabia — collection-country fallback; incident place unresolved",
        "method": "collection_country_fallback",
        "sentiment_count": 0,
        "source_count": 1,
        "status": "reported",
        "title": "3 Bangladeshis reportedly killed in road accident in Saudi Arabia",
        "uncertainty_radius_km": null
      },
      "type": "Feature"
    },
    {
      "geometry": {
        "coordinates": [
          45.0792,
          23.8859
        ],
        "type": "Point"
      },
      "id": "inc_88ac1158dcc305ce",
      "properties": {
        "confidence": 0.12,
        "event_start": "2023-03-29T06:52:00",
        "event_type": "road_crash",
        "granularity": "country",
        "incident_id": "inc_88ac1158dcc305ce",
        "is_incident_location": false,
        "location_name": "Saudi Arabia — collection-country fallback; incident place unresolved",
        "method": "collection_country_fallback",
        "sentiment_count": 0,
        "source_count": 1,
        "status": "reported",
        "title": "Number of Bangladeshi pilgrims who died in Saudi bus accident climbs to 18",
        "uncertainty_radius_km": null
      },
      "type": "Feature"
    },
    {
      "geometry": {
        "coordinates": [
          45.0792,
          23.8859
        ],
        "type": "Point"
      },
      "id": "inc_1b0392cdbf3e351b",
      "properties": {
        "confidence": 0.12,
        "event_start": "2024-10-14T11:57:00",
        "event_type": "road_crash",
        "granularity": "country",
        "incident_id": "inc_1b0392cdbf3e351b",
        "is_incident_location": false,
        "location_name": "Saudi Arabia — collection-country fallback; incident place unresolved",
        "method": "collection_country_fallback",
        "sentiment_count": 0,
        "source_count": 1,
        "status": "reported",
        "title": "Bangladeshi youth killed in road accident in Saudi Arabia",
        "uncertainty_radius_km": null
      },
      "type": "Feature"
    },
    {
      "geometry": {
        "coordinates": [
          45.0792,
          23.8859
        ],
        "type": "Point"
      },
      "id": "inc_94473aab66393ecc",
      "properties": {
        "confidence": 0.12,
        "event_start": "2023-08-06T13:06:00",
        "event_type": "road_crash",
        "granularity": "country",
        "incident_id": "inc_94473aab66393ecc",
        "is_incident_location": false,
        "location_name": "Saudi Arabia — collection-country fallback; incident place unresolved",
        "method": "collection_country_fallback",
        "sentiment_count": 0,
        "source_count": 1,
        "status": "reported",
        "title": "3 of a Bangladeshi family killed in Saudi Arabia road crash",
        "uncertainty_radius_km": null
      },
      "type": "Feature"
    },
    {
      "geometry": {
        "coordinates": [
          45.0792,
          23.8859
        ],
        "type": "Point"
      },
      "id": "inc_7ab7ec596bfea492",
      "properties": {
        "confidence": 0.12,
        "event_start": "2025-11-17T12:08:00",
        "event_type": "road_crash",
        "granularity": "country",
        "incident_id": "inc_7ab7ec596bfea492",
        "is_incident_location": false,
        "location_name": "Saudi Arabia — collection-country fallback; incident place unresolved",
        "method": "collection_country_fallback",
        "sentiment_count": 0,
        "source_count": 1,
        "status": "reported",
        "title": "Indian police: Pilgrim bus crash near Saudi Arabia’s Medina kills 45",
        "uncertainty_radius_km": null
      },
      "type": "Feature"
    },
    {
      "geometry": {
        "coordinates": [
          103.8198,
          1.3521
        ],
        "type": "Point"
      },
      "id": "inc_bd7e55c9b89fc4c4",
      "properties": {
        "confidence": 0.13999999999999999,
        "event_start": "2026-08-06T04:55:00",
        "event_type": "road_crash",
        "granularity": "country",
        "incident_id": "inc_bd7e55c9b89fc4c4",
        "is_incident_location": false,
        "location_name": "Singapore — collection-country fallback; incident place unresolved",
        "method": "collection_country_fallback",
        "sentiment_count": 0,
        "source_count": 2,
        "status": "reported",
        "title": "25-year-old woman injured after car crashes into pedestrian walkway in Orchard Road",
        "uncertainty_radius_km": null
      },
      "type": "Feature"
    },
    {
      "geometry": {
        "coordinates": [
          103.8198,
          1.3521
        ],
        "type": "Point"
      },
      "id": "inc_aeffefe5e4a36758",
      "properties": {
        "confidence": 0.12,
        "event_start": "2026-08-10T18:36:00",
        "event_type": "road_crash",
        "granularity": "country",
        "incident_id": "inc_aeffefe5e4a36758",
        "is_incident_location": false,
        "location_name": "Singapore — collection-country fallback; incident place unresolved",
        "method": "collection_country_fallback",
        "sentiment_count": 0,
        "source_count": 1,
        "status": "reported",
        "title": "Lorry-van crash blocks Choa Chu Kang junction; bus service diverted",
        "uncertainty_radius_km": null
      },
      "type": "Feature"
    },
    {
      "geometry": {
        "coordinates": [
          103.8198,
          1.3521
        ],
        "type": "Point"
      },
      "id": "inc_ae1464e18578af2a",
      "properties": {
        "confidence": 0.12,
        "event_start": "2025-06-21T22:14:00",
        "event_type": "road_crash",
        "granularity": "country",
        "incident_id": "inc_ae1464e18578af2a",
        "is_incident_location": false,
        "location_name": "Singapore — collection-country fallback; incident place unresolved",
        "method": "collection_country_fallback",
        "sentiment_count": 0,
        "source_count": 1,
        "status": "reported",
        "title": "Motorcyclist dies in accident involving truck along Admiralty Road; 3 other accidents the same day",
        "uncertainty_radius_km": null
      },
      "type": "Feature"
    },
    {
      "geometry": {
        "coordinates": [
          103.8198,
          1.3521
        ],
        "type": "Point"
      },
      "id": "inc_6a24770219687247",
      "properties": {
        "confidence": 0.12,
        "event_start": "2026-08-08T22:11:00",
        "event_type": "road_crash",
        "granularity": "country",
        "incident_id": "inc_6a24770219687247",
        "is_incident_location": false,
        "location_name": "Singapore — collection-country fallback; incident place unresolved",
        "method": "collection_country_fallback",
        "sentiment_count": 0,
        "source_count": 1,
        "status": "reported",
        "title": "Bus in Hougang brakes to avoid accident, 3 passengers injured",
        "uncertainty_radius_km": null
      },
      "type": "Feature"
    },
    {
      "geometry": {
        "coordinates": [
          103.8198,
          1.3521
        ],
        "type": "Point"
      },
      "id": "inc_04306df29b31ded0",
      "properties": {
        "confidence": 0.13999999999999999,
        "event_start": "2026-08-07T16:14:00",
        "event_type": "road_crash",
        "granularity": "country",
        "incident_id": "inc_04306df29b31ded0",
        "is_incident_location": false,
        "location_name": "Singapore — collection-country fallback; incident place unresolved",
        "method": "collection_country_fallback",
        "sentiment_count": 0,
        "source_count": 2,
        "status": "reported",
        "title": "Singapore: 38-Year-Old Man Dies After Car Skids and Crashes in Hougang",
        "uncertainty_radius_km": null
      },
      "type": "Feature"
    },
    {
      "geometry": {
        "coordinates": [
          103.8198,
          1.3521
        ],
        "type": "Point"
      },
      "id": "inc_364aa7e82fbf4151",
      "properties": {
        "confidence": 0.12,
        "event_start": "2025-08-29T20:31:00",
        "event_type": "road_crash",
        "granularity": "country",
        "incident_id": "inc_364aa7e82fbf4151",
        "is_incident_location": false,
        "location_name": "Singapore — collection-country fallback; incident place unresolved",
        "method": "collection_country_fallback",
        "sentiment_count": 0,
        "source_count": 1,
        "status": "reported",
        "title": "Indian national jailed, fine in Singapore for causing road accident that killed senior NUS law professor",
        "uncertainty_radius_km": null
      },
      "type": "Feature"
    },
    {
      "geometry": {
        "coordinates": [
          103.8198,
          1.3521
        ],
        "type": "Point"
      },
      "id": "inc_ae694cd8bcd83694",
      "properties": {
        "confidence": 0.12,
        "event_start": "2026-08-06T11:35:00",
        "event_type": "road_crash",
        "granularity": "country",
        "incident_id": "inc_ae694cd8bcd83694",
        "is_incident_location": false,
        "location_name": "Singapore — collection-country fallback; incident place unresolved",
        "method": "collection_country_fallback",
        "sentiment_count": 0,
        "source_count": 1,
        "status": "reported",
        "title": "Driver in 2024 Tampines crash that killed 2 pleads guilty to dangerous driving causing death",
        "uncertainty_radius_km": null
      },
      "type": "Feature"
    },
    {
      "geometry": {
        "coordinates": [
          103.8198,
          1.3521
        ],
        "type": "Point"
      },
      "id": "inc_73c95a71efcfb2b9",
      "properties": {
        "confidence": 0.12,
        "event_start": "2026-08-04T09:54:00",
        "event_type": "road_crash",
        "granularity": "country",
        "incident_id": "inc_73c95a71efcfb2b9",
        "is_incident_location": false,
        "location_name": "Singapore — collection-country fallback; incident place unresolved",
        "method": "collection_country_fallback",
        "sentiment_count": 0,
        "source_count": 1,
        "status": "reported",
        "title": "Four people taken to hospital, one unconscious, after accident on SLE",
        "uncertainty_radius_km": null
      },
      "type": "Feature"
    },
    {
      "geometry": {
        "coordinates": [
          18.6435,
          60.1282
        ],
        "type": "Point"
      },
      "id": "inc_15e6e3177a759c11",
      "properties": {
        "confidence": 0.13999999999999999,
        "event_start": "2025-08-04T07:00:00",
        "event_type": "road_crash",
        "granularity": "country",
        "incident_id": "inc_15e6e3177a759c11",
        "is_incident_location": false,
        "location_name": "Sweden — collection-country fallback; incident place unresolved",
        "method": "collection_country_fallback",
        "sentiment_count": 0,
        "source_count": 2,
        "status": "reported",
        "title": "Man död efter trafikolycka i centrala Trelleborg",
        "uncertainty_radius_km": null
      },
      "type": "Feature"
    },
    {
      "geometry": {
        "coordinates": [
          18.6435,
          60.1282
        ],
        "type": "Point"
      },
      "id": "inc_7b58b6253a1b9ec9",
      "properties": {
        "confidence": 0.12,
        "event_start": "2026-02-24T08:00:00",
        "event_type": "road_crash",
        "granularity": "country",
        "incident_id": "inc_7b58b6253a1b9ec9",
        "is_incident_location": false,
        "location_name": "Sweden — collection-country fallback; incident place unresolved",
        "method": "collection_country_fallback",
        "sentiment_count": 0,
        "source_count": 1,
        "status": "reported",
        "title": "”Paradise hotel”-profil skadad i allvarlig trafikolycka",
        "uncertainty_radius_km": null
      },
      "type": "Feature"
    },
    {
      "geometry": {
        "coordinates": [
          18.6435,
          60.1282
        ],
        "type": "Point"
      },
      "id": "inc_7a77aefea3758301",
      "properties": {
        "confidence": 0.12,
        "event_start": "2025-01-31T08:00:00",
        "event_type": "road_crash",
        "granularity": "country",
        "incident_id": "inc_7a77aefea3758301",
        "is_incident_location": false,
        "location_name": "Sweden — collection-country fallback; incident place unresolved",
        "method": "collection_country_fallback",
        "sentiment_count": 0,
        "source_count": 1,
        "status": "reported",
        "title": "Kungens djupa sorg – nära vännen död i bilolycka",
        "uncertainty_radius_km": null
      },
      "type": "Feature"
    },
    {
      "geometry": {
        "coordinates": [
          18.6435,
          60.1282
        ],
        "type": "Point"
      },
      "id": "inc_5284be7455dd32a3",
      "properties": {
        "confidence": 0.12,
        "event_start": "2025-12-27T08:00:00",
        "event_type": "road_crash",
        "granularity": "country",
        "incident_id": "inc_5284be7455dd32a3",
        "is_incident_location": false,
        "location_name": "Sweden — collection-country fallback; incident place unresolved",
        "method": "collection_country_fallback",
        "sentiment_count": 0,
        "source_count": 1,
        "status": "reported",
        "title": "Kvinna död i trafikolycka i Borgholm",
        "uncertainty_radius_km": null
      },
      "type": "Feature"
    },
    {
      "geometry": {
        "coordinates": [
          18.6435,
          60.1282
        ],
        "type": "Point"
      },
      "id": "inc_da587b0b71671cb2",
      "properties": {
        "confidence": 0.12,
        "event_start": "2026-06-13T07:00:00",
        "event_type": "road_crash",
        "granularity": "country",
        "incident_id": "inc_da587b0b71671cb2",
        "is_incident_location": false,
        "location_name": "Sweden — collection-country fallback; incident place unresolved",
        "method": "collection_country_fallback",
        "sentiment_count": 0,
        "source_count": 1,
        "status": "reported",
        "title": "Svensk man död i bilolycka på Irland – skulle mörda",
        "uncertainty_radius_km": null
      },
      "type": "Feature"
    },
    {
      "geometry": {
        "coordinates": [
          18.6435,
          60.1282
        ],
        "type": "Point"
      },
      "id": "inc_f00383693e27bdf4",
      "properties": {
        "confidence": 0.12,
        "event_start": "2023-11-08T08:00:00",
        "event_type": "road_crash",
        "granularity": "country",
        "incident_id": "inc_f00383693e27bdf4",
        "is_incident_location": false,
        "location_name": "Sweden — collection-country fallback; incident place unresolved",
        "method": "collection_country_fallback",
        "sentiment_count": 0,
        "source_count": 1,
        "status": "reported",
        "title": "Äldre kvinna död i trafikolycka i Rimbo",
        "uncertainty_radius_km": null
      },
      "type": "Feature"
    },
    {
      "geometry": {
        "coordinates": [
          18.6435,
          60.1282
        ],
        "type": "Point"
      },
      "id": "inc_b00501d382dd0cdc",
      "properties": {
        "confidence": 0.12,
        "event_start": "2026-07-22T07:00:00",
        "event_type": "road_crash",
        "granularity": "country",
        "incident_id": "inc_b00501d382dd0cdc",
        "is_incident_location": false,
        "location_name": "Sweden — collection-country fallback; incident place unresolved",
        "method": "collection_country_fallback",
        "sentiment_count": 0,
        "source_count": 1,
        "status": "reported",
        "title": "Ratsits vd Thony Wissmar död i trafikolycka på Mallorca.",
        "uncertainty_radius_km": null
      },
      "type": "Feature"
    },
    {
      "geometry": {
        "coordinates": [
          18.6435,
          60.1282
        ],
        "type": "Point"
      },
      "id": "inc_9015b6ed22d7fa0d",
      "properties": {
        "confidence": 0.12,
        "event_start": "2026-03-09T07:00:00",
        "event_type": "road_crash",
        "granularity": "country",
        "incident_id": "inc_9015b6ed22d7fa0d",
        "is_incident_location": false,
        "location_name": "Sweden — collection-country fallback; incident place unresolved",
        "method": "collection_country_fallback",
        "sentiment_count": 0,
        "source_count": 1,
        "status": "reported",
        "title": "Bil fattade eld – man död efter trafikolycka",
        "uncertainty_radius_km": null
      },
      "type": "Feature"
    },
    {
      "geometry": {
        "coordinates": [
          18.6435,
          60.1282
        ],
        "type": "Point"
      },
      "id": "inc_309b75bce2d17472",
      "properties": {
        "confidence": 0.12,
        "event_start": "2026-04-05T07:00:00",
        "event_type": "road_crash",
        "granularity": "country",
        "incident_id": "inc_309b75bce2d17472",
        "is_incident_location": false,
        "location_name": "Sweden — collection-country fallback; incident place unresolved",
        "method": "collection_country_fallback",
        "sentiment_count": 0,
        "source_count": 1,
        "status": "reported",
        "title": "Kvinna död i bilolycka",
        "uncertainty_radius_km": null
      },
      "type": "Feature"
    },
    {
      "geometry": {
        "coordinates": [
          100.9925,
          15.87
        ],
        "type": "Point"
      },
      "id": "inc_a1ffad7d24b78d68",
      "properties": {
        "confidence": 0.18,
        "event_start": "2026-05-16T05:10:00",
        "event_type": "road_crash",
        "granularity": "country",
        "incident_id": "inc_a1ffad7d24b78d68",
        "is_incident_location": false,
        "location_name": "Thailand — collection-country fallback; incident place unresolved",
        "method": "collection_country_fallback",
        "sentiment_count": 0,
        "source_count": 4,
        "status": "reported",
        "title": "Train-bus crash leaves multiple dead in Thailand",
        "uncertainty_radius_km": null
      },
      "type": "Feature"
    },
    {
      "geometry": {
        "coordinates": [
          100.9925,
          15.87
        ],
        "type": "Point"
      },
      "id": "inc_5131ee70cf6f09d2",
      "properties": {
        "confidence": 0.12,
        "event_start": "2018-04-09T22:51:00",
        "event_type": "road_crash",
        "granularity": "country",
        "incident_id": "inc_5131ee70cf6f09d2",
        "is_incident_location": false,
        "location_name": "Thailand — collection-country fallback; incident place unresolved",
        "method": "collection_country_fallback",
        "sentiment_count": 0,
        "source_count": 1,
        "status": "reported",
        "title": "Six Myanmar migrant workers killed in Thailand bus crash",
        "uncertainty_radius_km": null
      },
      "type": "Feature"
    },
    {
      "geometry": {
        "coordinates": [
          100.9925,
          15.87
        ],
        "type": "Point"
      },
      "id": "inc_6e12fea26a5f4872",
      "properties": {
        "confidence": 0.12,
        "event_start": "2025-12-17T01:48:00",
        "event_type": "road_crash",
        "granularity": "country",
        "incident_id": "inc_6e12fea26a5f4872",
        "is_incident_location": false,
        "location_name": "Thailand — collection-country fallback; incident place unresolved",
        "method": "collection_country_fallback",
        "sentiment_count": 0,
        "source_count": 1,
        "status": "reported",
        "title": "Thailand mourns national karate coach killed in crash days after SEA Games victories",
        "uncertainty_radius_km": null
      },
      "type": "Feature"
    },
    {
      "geometry": {
        "coordinates": [
          100.9925,
          15.87
        ],
        "type": "Point"
      },
      "id": "inc_e5c7c5ca6e161b7c",
      "properties": {
        "confidence": 0.12,
        "event_start": "2026-07-02T10:25:00",
        "event_type": "road_crash",
        "granularity": "country",
        "incident_id": "inc_e5c7c5ca6e161b7c",
        "is_incident_location": false,
        "location_name": "Thailand — collection-country fallback; incident place unresolved",
        "method": "collection_country_fallback",
        "sentiment_count": 0,
        "source_count": 1,
        "status": "reported",
        "title": "Thailand: Child Crashes Vehicle Into Group of Monks",
        "uncertainty_radius_km": null
      },
      "type": "Feature"
    },
    {
      "geometry": {
        "coordinates": [
          100.9925,
          15.87
        ],
        "type": "Point"
      },
      "id": "inc_756da5c0ad5e440a",
      "properties": {
        "confidence": 0.12,
        "event_start": "2023-12-17T19:58:00",
        "event_type": "road_crash",
        "granularity": "country",
        "incident_id": "inc_756da5c0ad5e440a",
        "is_incident_location": false,
        "location_name": "Thailand — collection-country fallback; incident place unresolved",
        "method": "collection_country_fallback",
        "sentiment_count": 0,
        "source_count": 1,
        "status": "reported",
        "title": "Ghanaian Tourist Kills One in Thailand Road Accident",
        "uncertainty_radius_km": null
      },
      "type": "Feature"
    },
    {
      "geometry": {
        "coordinates": [
          100.9925,
          15.87
        ],
        "type": "Point"
      },
      "id": "inc_e9a7bbc02bb7947b",
      "properties": {
        "confidence": 0.12,
        "event_start": "2026-01-10T10:47:00",
        "event_type": "road_crash",
        "granularity": "country",
        "incident_id": "inc_e9a7bbc02bb7947b",
        "is_incident_location": false,
        "location_name": "Thailand — collection-country fallback; incident place unresolved",
        "method": "collection_country_fallback",
        "sentiment_count": 0,
        "source_count": 1,
        "status": "reported",
        "title": "Six Israelis injured in Thailand road accident",
        "uncertainty_radius_km": null
      },
      "type": "Feature"
    },
    {
      "geometry": {
        "coordinates": [
          100.9925,
          15.87
        ],
        "type": "Point"
      },
      "id": "inc_b999f5a76e0d8aef",
      "properties": {
        "confidence": 0.12,
        "event_start": "2026-07-29T19:53:00",
        "event_type": "road_crash",
        "granularity": "country",
        "incident_id": "inc_b999f5a76e0d8aef",
        "is_incident_location": false,
        "location_name": "Thailand — collection-country fallback; incident place unresolved",
        "method": "collection_country_fallback",
        "sentiment_count": 0,
        "source_count": 1,
        "status": "reported",
        "title": "Tour bus crashes into car before plunging into roadside canal in Korat",
        "uncertainty_radius_km": null
      },
      "type": "Feature"
    },
    {
      "geometry": {
        "coordinates": [
          9.5375,
          33.8869
        ],
        "type": "Point"
      },
      "id": "inc_ac718a8fc508e843",
      "properties": {
        "confidence": 0.13999999999999999,
        "event_start": "2024-12-12T16:00:00",
        "event_type": "road_crash",
        "granularity": "country",
        "incident_id": "inc_ac718a8fc508e843",
        "is_incident_location": false,
        "location_name": "Tunisia — collection-country fallback; incident place unresolved",
        "method": "collection_country_fallback",
        "sentiment_count": 0,
        "source_count": 2,
        "status": "reported",
        "title": "2 killed, 4 wounded in truck-car collision in SW Tunisia",
        "uncertainty_radius_km": null
      },
      "type": "Feature"
    },
    {
      "geometry": {
        "coordinates": [
          9.5375,
          33.8869
        ],
        "type": "Point"
      },
      "id": "inc_d0bfb70c8cf38bd8",
      "properties": {
        "confidence": 0.12,
        "event_start": "2004-11-01T18:00:00",
        "event_type": "road_crash",
        "granularity": "country",
        "incident_id": "inc_d0bfb70c8cf38bd8",
        "is_incident_location": false,
        "location_name": "Tunisia — collection-country fallback; incident place unresolved",
        "method": "collection_country_fallback",
        "sentiment_count": 0,
        "source_count": 1,
        "status": "reported",
        "title": "12 people die in a series of traffic accidents in Tunisia",
        "uncertainty_radius_km": null
      },
      "type": "Feature"
    },
    {
      "geometry": {
        "coordinates": [
          9.5375,
          33.8869
        ],
        "type": "Point"
      },
      "id": "inc_c0c3f0eba1ad36b5",
      "properties": {
        "confidence": 0.12,
        "event_start": "2024-05-31T17:00:00",
        "event_type": "road_crash",
        "granularity": "country",
        "incident_id": "inc_c0c3f0eba1ad36b5",
        "is_incident_location": false,
        "location_name": "Tunisia — collection-country fallback; incident place unresolved",
        "method": "collection_country_fallback",
        "sentiment_count": 0,
        "source_count": 1,
        "status": "reported",
        "title": "4 killed, 19 injured in traffic accident in Tunisia",
        "uncertainty_radius_km": null
      },
      "type": "Feature"
    },
    {
      "geometry": {
        "coordinates": [
          9.5375,
          33.8869
        ],
        "type": "Point"
      },
      "id": "inc_c2cd5de220582858",
      "properties": {
        "confidence": 0.12,
        "event_start": "2019-12-01T12:51:00",
        "event_type": "road_crash",
        "granularity": "country",
        "incident_id": "inc_c2cd5de220582858",
        "is_incident_location": false,
        "location_name": "Tunisia — collection-country fallback; incident place unresolved",
        "method": "collection_country_fallback",
        "sentiment_count": 0,
        "source_count": 1,
        "status": "reported",
        "title": "Bus accident kills 22 in Tunisia",
        "uncertainty_radius_km": null
      },
      "type": "Feature"
    },
    {
      "geometry": {
        "coordinates": [
          9.5375,
          33.8869
        ],
        "type": "Point"
      },
      "id": "inc_85975728550c5397",
      "properties": {
        "confidence": 0.12,
        "event_start": "2024-02-21T01:13:00",
        "event_type": "road_crash",
        "granularity": "country",
        "incident_id": "inc_85975728550c5397",
        "is_incident_location": false,
        "location_name": "Tunisia — collection-country fallback; incident place unresolved",
        "method": "collection_country_fallback",
        "sentiment_count": 0,
        "source_count": 1,
        "status": "reported",
        "title": "8 killed, 4 injured in traffic accident in Tunisia",
        "uncertainty_radius_km": null
      },
      "type": "Feature"
    },
    {
      "geometry": {
        "coordinates": [
          9.5375,
          33.8869
        ],
        "type": "Point"
      },
      "id": "inc_474215094cb37350",
      "properties": {
        "confidence": 0.12,
        "event_start": "2024-04-10T04:57:00",
        "event_type": "road_crash",
        "granularity": "country",
        "incident_id": "inc_474215094cb37350",
        "is_incident_location": false,
        "location_name": "Tunisia — collection-country fallback; incident place unresolved",
        "method": "collection_country_fallback",
        "sentiment_count": 0,
        "source_count": 1,
        "status": "reported",
        "title": "8 killed, 4 injured in traffic accident in Tunisia",
        "uncertainty_radius_km": null
      },
      "type": "Feature"
    },
    {
      "geometry": {
        "coordinates": [
          9.5375,
          33.8869
        ],
        "type": "Point"
      },
      "id": "inc_639e4a0807ef8945",
      "properties": {
        "confidence": 0.12,
        "event_start": "2019-12-01T12:09:00",
        "event_type": "road_crash",
        "granularity": "country",
        "incident_id": "inc_639e4a0807ef8945",
        "is_incident_location": false,
        "location_name": "Tunisia — collection-country fallback; incident place unresolved",
        "method": "collection_country_fallback",
        "sentiment_count": 0,
        "source_count": 1,
        "status": "reported",
        "title": "24 local tourists killed in Tunisia road accident",
        "uncertainty_radius_km": null
      },
      "type": "Feature"
    },
    {
      "geometry": {
        "coordinates": [
          9.5375,
          33.8869
        ],
        "type": "Point"
      },
      "id": "inc_5a9d5b4dcedd6f82",
      "properties": {
        "confidence": 0.12,
        "event_start": "2019-12-01T04:14:00",
        "event_type": "road_crash",
        "granularity": "country",
        "incident_id": "inc_5a9d5b4dcedd6f82",
        "is_incident_location": false,
        "location_name": "Tunisia — collection-country fallback; incident place unresolved",
        "method": "collection_country_fallback",
        "sentiment_count": 0,
        "source_count": 1,
        "status": "reported",
        "title": "More than 20 killed in Tunisia bus crash",
        "uncertainty_radius_km": null
      },
      "type": "Feature"
    },
    {
      "geometry": {
        "coordinates": [
          9.5375,
          33.8869
        ],
        "type": "Point"
      },
      "id": "inc_341558a22b5907cc",
      "properties": {
        "confidence": 0.12,
        "event_start": "2024-10-22T17:00:00",
        "event_type": "road_crash",
        "granularity": "country",
        "incident_id": "inc_341558a22b5907cc",
        "is_incident_location": false,
        "location_name": "Tunisia — collection-country fallback; incident place unresolved",
        "method": "collection_country_fallback",
        "sentiment_count": 0,
        "source_count": 1,
        "status": "reported",
        "title": "Six Killed, Three Injured In Truck-Car Collision In Tunisia",
        "uncertainty_radius_km": null
      },
      "type": "Feature"
    },
    {
      "geometry": {
        "coordinates": [
          35.2433,
          38.9637
        ],
        "type": "Point"
      },
      "id": "inc_6d364c81d3c82d2c",
      "properties": {
        "confidence": 0.12,
        "event_start": "2019-07-18T16:01:00",
        "event_type": "road_crash",
        "granularity": "country",
        "incident_id": "inc_6d364c81d3c82d2c",
        "is_incident_location": false,
        "location_name": "Turkey — collection-country fallback; incident place unresolved",
        "method": "collection_country_fallback",
        "sentiment_count": 0,
        "source_count": 1,
        "status": "reported",
        "title": "Bangladeshis reportedly among 15 killed in Turkey migrant bus crash",
        "uncertainty_radius_km": null
      },
      "type": "Feature"
    },
    {
      "geometry": {
        "coordinates": [
          35.2433,
          38.9637
        ],
        "type": "Point"
      },
      "id": "inc_a280cbdf12ed082e",
      "properties": {
        "confidence": 0.12,
        "event_start": "2021-07-11T08:27:00",
        "event_type": "road_crash",
        "granularity": "country",
        "incident_id": "inc_a280cbdf12ed082e",
        "is_incident_location": false,
        "location_name": "Turkey — collection-country fallback; incident place unresolved",
        "method": "collection_country_fallback",
        "sentiment_count": 0,
        "source_count": 1,
        "status": "reported",
        "title": "Bangladeshis among 12 killed in Turkey migrant bus crash",
        "uncertainty_radius_km": null
      },
      "type": "Feature"
    },
    {
      "geometry": {
        "coordinates": [
          35.2433,
          38.9637
        ],
        "type": "Point"
      },
      "id": "inc_f33fe3361d9eefe8",
      "properties": {
        "confidence": 0.12,
        "event_start": "2026-07-31T16:23:00",
        "event_type": "road_crash",
        "granularity": "country",
        "incident_id": "inc_f33fe3361d9eefe8",
        "is_incident_location": false,
        "location_name": "Turkey — collection-country fallback; incident place unresolved",
        "method": "collection_country_fallback",
        "sentiment_count": 0,
        "source_count": 1,
        "status": "reported",
        "title": "Türkiye offers condolences after deadly Algeria bus crash",
        "uncertainty_radius_km": null
      },
      "type": "Feature"
    },
    {
      "geometry": {
        "coordinates": [
          35.2433,
          38.9637
        ],
        "type": "Point"
      },
      "id": "inc_949412100c667cb6",
      "properties": {
        "confidence": 0.12,
        "event_start": "2023-11-16T10:29:00",
        "event_type": "road_crash",
        "granularity": "country",
        "incident_id": "inc_949412100c667cb6",
        "is_incident_location": false,
        "location_name": "Turkey — collection-country fallback; incident place unresolved",
        "method": "collection_country_fallback",
        "sentiment_count": 0,
        "source_count": 1,
        "status": "reported",
        "title": "Singapore missionary dies in traffic accident in Türkiye",
        "uncertainty_radius_km": null
      },
      "type": "Feature"
    },
    {
      "geometry": {
        "coordinates": [
          35.2433,
          38.9637
        ],
        "type": "Point"
      },
      "id": "inc_4e7fbffb91a2ca96",
      "properties": {
        "confidence": 0.12,
        "event_start": "2026-02-01T13:44:00",
        "event_type": "road_crash",
        "granularity": "country",
        "incident_id": "inc_4e7fbffb91a2ca96",
        "is_incident_location": false,
        "location_name": "Turkey — collection-country fallback; incident place unresolved",
        "method": "collection_country_fallback",
        "sentiment_count": 0,
        "source_count": 1,
        "status": "reported",
        "title": "8 killed in bus crash in southern Türkiye",
        "uncertainty_radius_km": null
      },
      "type": "Feature"
    },
    {
      "geometry": {
        "coordinates": [
          35.2433,
          38.9637
        ],
        "type": "Point"
      },
      "id": "inc_b91bedc457088087",
      "properties": {
        "confidence": 0.12,
        "event_start": "2024-10-18T03:00:00",
        "event_type": "road_crash",
        "granularity": "country",
        "incident_id": "inc_b91bedc457088087",
        "is_incident_location": false,
        "location_name": "Turkey — collection-country fallback; incident place unresolved",
        "method": "collection_country_fallback",
        "sentiment_count": 0,
        "source_count": 1,
        "status": "reported",
        "title": "Türkiye: Six dead and twenty-five injured in bus crash",
        "uncertainty_radius_km": null
      },
      "type": "Feature"
    },
    {
      "geometry": {
        "coordinates": [
          35.2433,
          38.9637
        ],
        "type": "Point"
      },
      "id": "inc_fff928196c25af3b",
      "properties": {
        "confidence": 0.13999999999999999,
        "event_start": "2022-08-21T01:35:00",
        "event_type": "road_crash",
        "granularity": "country",
        "incident_id": "inc_fff928196c25af3b",
        "is_incident_location": false,
        "location_name": "Turkey — collection-country fallback; incident place unresolved",
        "method": "collection_country_fallback",
        "sentiment_count": 0,
        "source_count": 2,
        "status": "reported",
        "title": "16 killed in traffic accident in SE Türkiye",
        "uncertainty_radius_km": null
      },
      "type": "Feature"
    },
    {
      "geometry": {
        "coordinates": [
          35.2433,
          38.9637
        ],
        "type": "Point"
      },
      "id": "inc_749096c82dd8cb53",
      "properties": {
        "confidence": 0.12,
        "event_start": "2023-12-27T22:46:00",
        "event_type": "road_crash",
        "granularity": "country",
        "incident_id": "inc_749096c82dd8cb53",
        "is_incident_location": false,
        "location_name": "Turkey — collection-country fallback; incident place unresolved",
        "method": "collection_country_fallback",
        "sentiment_count": 0,
        "source_count": 1,
        "status": "reported",
        "title": "Road Accident Kills 11 in Northwestern Türkiye",
        "uncertainty_radius_km": null
      },
      "type": "Feature"
    },
    {
      "geometry": {
        "coordinates": [
          35.2433,
          38.9637
        ],
        "type": "Point"
      },
      "id": "inc_bb53e500864a746b",
      "properties": {
        "confidence": 0.12,
        "event_start": "2024-08-20T17:00:00",
        "event_type": "road_crash",
        "granularity": "country",
        "incident_id": "inc_bb53e500864a746b",
        "is_incident_location": false,
        "location_name": "Turkey — collection-country fallback; incident place unresolved",
        "method": "collection_country_fallback",
        "sentiment_count": 0,
        "source_count": 1,
        "status": "reported",
        "title": "Saudi math teacher killed in motorcycle accident in Türkiye",
        "uncertainty_radius_km": null
      },
      "type": "Feature"
    },
    {
      "geometry": {
        "coordinates": [
          34.8888,
          -6.369
        ],
        "type": "Point"
      },
      "id": "inc_c76dd2b445cd33d1",
      "properties": {
        "confidence": 0.13999999999999999,
        "event_start": "2025-06-29T12:38:00",
        "event_type": "road_crash",
        "granularity": "country",
        "incident_id": "inc_c76dd2b445cd33d1",
        "is_incident_location": false,
        "location_name": "Tanzania — collection-country fallback; incident place unresolved",
        "method": "collection_country_fallback",
        "sentiment_count": 0,
        "source_count": 2,
        "status": "reported",
        "title": "Bus crash blaze kills 38 in Tanzania",
        "uncertainty_radius_km": null
      },
      "type": "Feature"
    },
    {
      "geometry": {
        "coordinates": [
          34.8888,
          -6.369
        ],
        "type": "Point"
      },
      "id": "inc_0da373c77cfcafc3",
      "properties": {
        "confidence": 0.12,
        "event_start": "2025-06-29T10:56:00",
        "event_type": "road_crash",
        "granularity": "country",
        "incident_id": "inc_0da373c77cfcafc3",
        "is_incident_location": false,
        "location_name": "Tanzania — collection-country fallback; incident place unresolved",
        "method": "collection_country_fallback",
        "sentiment_count": 0,
        "source_count": 1,
        "status": "reported",
        "title": "38 killed, 28 injured in Tanzania bus collision",
        "uncertainty_radius_km": null
      },
      "type": "Feature"
    },
    {
      "geometry": {
        "coordinates": [
          34.8888,
          -6.369
        ],
        "type": "Point"
      },
      "id": "inc_5509276c23c2f8fc",
      "properties": {
        "confidence": 0.12,
        "event_start": "2017-05-07T03:48:00",
        "event_type": "road_crash",
        "granularity": "country",
        "incident_id": "inc_5509276c23c2f8fc",
        "is_incident_location": false,
        "location_name": "Tanzania — collection-country fallback; incident place unresolved",
        "method": "collection_country_fallback",
        "sentiment_count": 0,
        "source_count": 1,
        "status": "reported",
        "title": "Thirty-five killed in school minibus crash in Tanzania",
        "uncertainty_radius_km": null
      },
      "type": "Feature"
    },
    {
      "geometry": {
        "coordinates": [
          34.8888,
          -6.369
        ],
        "type": "Point"
      },
      "id": "inc_cff118529b08bf3f",
      "properties": {
        "confidence": 0.12,
        "event_start": "2025-04-18T17:00:00",
        "event_type": "road_crash",
        "granularity": "country",
        "incident_id": "inc_cff118529b08bf3f",
        "is_incident_location": false,
        "location_name": "Tanzania — collection-country fallback; incident place unresolved",
        "method": "collection_country_fallback",
        "sentiment_count": 0,
        "source_count": 1,
        "status": "reported",
        "title": "7 killed, 15 injured after ambulance collides with three-wheeled motorcycle in S. Tanzania",
        "uncertainty_radius_km": null
      },
      "type": "Feature"
    },
    {
      "geometry": {
        "coordinates": [
          34.8888,
          -6.369
        ],
        "type": "Point"
      },
      "id": "inc_0f9a317c484cbe7a",
      "properties": {
        "confidence": 0.12,
        "event_start": "2017-05-06T09:00:00",
        "event_type": "road_crash",
        "granularity": "country",
        "incident_id": "inc_0f9a317c484cbe7a",
        "is_incident_location": false,
        "location_name": "Tanzania — collection-country fallback; incident place unresolved",
        "method": "collection_country_fallback",
        "sentiment_count": 0,
        "source_count": 1,
        "status": "reported",
        "title": "At least 29 schoolchildren killed in Tanzania bus crash",
        "uncertainty_radius_km": null
      },
      "type": "Feature"
    },
    {
      "geometry": {
        "coordinates": [
          34.8888,
          -6.369
        ],
        "type": "Point"
      },
      "id": "inc_c6a2435d0cdb9040",
      "properties": {
        "confidence": 0.12,
        "event_start": "2024-02-26T02:28:00",
        "event_type": "road_crash",
        "granularity": "country",
        "incident_id": "inc_c6a2435d0cdb9040",
        "is_incident_location": false,
        "location_name": "Tanzania — collection-country fallback; incident place unresolved",
        "method": "collection_country_fallback",
        "sentiment_count": 0,
        "source_count": 1,
        "status": "reported",
        "title": "Tanzania car crash claims lives from seven countries",
        "uncertainty_radius_km": null
      },
      "type": "Feature"
    },
    {
      "geometry": {
        "coordinates": [
          34.8888,
          -6.369
        ],
        "type": "Point"
      },
      "id": "inc_1708594de9774ff5",
      "properties": {
        "confidence": 0.12,
        "event_start": "2026-08-03T00:37:00",
        "event_type": "road_crash",
        "granularity": "country",
        "incident_id": "inc_1708594de9774ff5",
        "is_incident_location": false,
        "location_name": "Tanzania — collection-country fallback; incident place unresolved",
        "method": "collection_country_fallback",
        "sentiment_count": 0,
        "source_count": 1,
        "status": "reported",
        "title": "8 killed, 66 injured in bus collision in central Tanzania",
        "uncertainty_radius_km": null
      },
      "type": "Feature"
    },
    {
      "geometry": {
        "coordinates": [
          34.8888,
          -6.369
        ],
        "type": "Point"
      },
      "id": "inc_cf1f014eae03647d",
      "properties": {
        "confidence": 0.12,
        "event_start": "2025-06-30T05:40:00",
        "event_type": "road_crash",
        "granularity": "country",
        "incident_id": "inc_cf1f014eae03647d",
        "is_incident_location": false,
        "location_name": "Tanzania — collection-country fallback; incident place unresolved",
        "method": "collection_country_fallback",
        "sentiment_count": 0,
        "source_count": 1,
        "status": "reported",
        "title": "At least 38 people killed in Tanzania bus collision, subsequent fire",
        "uncertainty_radius_km": null
      },
      "type": "Feature"
    },
    {
      "geometry": {
        "coordinates": [
          34.8888,
          -6.369
        ],
        "type": "Point"
      },
      "id": "inc_eb30988ad3406aa1",
      "properties": {
        "confidence": 0.12,
        "event_start": "2024-02-25T19:37:00",
        "event_type": "road_crash",
        "granularity": "country",
        "incident_id": "inc_eb30988ad3406aa1",
        "is_incident_location": false,
        "location_name": "Tanzania — collection-country fallback; incident place unresolved",
        "method": "collection_country_fallback",
        "sentiment_count": 0,
        "source_count": 1,
        "status": "reported",
        "title": "25 killed in road crash in Tanzania: President",
        "uncertainty_radius_km": null
      },
      "type": "Feature"
    },
    {
      "geometry": {
        "coordinates": [
          32.2903,
          1.3733
        ],
        "type": "Point"
      },
      "id": "inc_4939fb0bbbe82949",
      "properties": {
        "confidence": 0.18,
        "event_start": "2026-07-17T08:09:00",
        "event_type": "road_crash",
        "granularity": "country",
        "incident_id": "inc_4939fb0bbbe82949",
        "is_incident_location": false,
        "location_name": "Uganda — collection-country fallback; incident place unresolved",
        "method": "collection_country_fallback",
        "sentiment_count": 0,
        "source_count": 4,
        "status": "reported",
        "title": "School Bus Crash Kills 23 Pupils in Uganda",
        "uncertainty_radius_km": null
      },
      "type": "Feature"
    },
    {
      "geometry": {
        "coordinates": [
          32.2903,
          1.3733
        ],
        "type": "Point"
      },
      "id": "inc_180d8aa6483e2582",
      "properties": {
        "confidence": 0.12,
        "event_start": "2025-10-22T03:52:00",
        "event_type": "road_crash",
        "granularity": "country",
        "incident_id": "inc_180d8aa6483e2582",
        "is_incident_location": false,
        "location_name": "Uganda — collection-country fallback; incident place unresolved",
        "method": "collection_country_fallback",
        "sentiment_count": 0,
        "source_count": 1,
        "status": "reported",
        "title": "Uganda road crash involving several vehicles kills 46",
        "uncertainty_radius_km": null
      },
      "type": "Feature"
    },
    {
      "geometry": {
        "coordinates": [
          32.2903,
          1.3733
        ],
        "type": "Point"
      },
      "id": "inc_5479e3c12a19c525",
      "properties": {
        "confidence": 0.12,
        "event_start": "2025-10-21T21:53:00",
        "event_type": "road_crash",
        "granularity": "country",
        "incident_id": "inc_5479e3c12a19c525",
        "is_incident_location": false,
        "location_name": "Uganda — collection-country fallback; incident place unresolved",
        "method": "collection_country_fallback",
        "sentiment_count": 0,
        "source_count": 1,
        "status": "reported",
        "title": "Tragic multi-vehicle collision claims 46 lives in Uganda",
        "uncertainty_radius_km": null
      },
      "type": "Feature"
    },
    {
      "geometry": {
        "coordinates": [
          32.2903,
          1.3733
        ],
        "type": "Point"
      },
      "id": "inc_7565a1a824e6891f",
      "properties": {
        "confidence": 0.12,
        "event_start": "2026-07-20T14:44:00",
        "event_type": "road_crash",
        "granularity": "country",
        "incident_id": "inc_7565a1a824e6891f",
        "is_incident_location": false,
        "location_name": "Uganda — collection-country fallback; incident place unresolved",
        "method": "collection_country_fallback",
        "sentiment_count": 0,
        "source_count": 1,
        "status": "reported",
        "title": "Uganda: Could the King Davis School Accident Have Been Avoided?",
        "uncertainty_radius_km": null
      },
      "type": "Feature"
    },
    {
      "geometry": {
        "coordinates": [
          32.2903,
          1.3733
        ],
        "type": "Point"
      },
      "id": "inc_f0c65510f125fc15",
      "properties": {
        "confidence": 0.12,
        "event_start": "2026-08-04T00:12:00",
        "event_type": "road_crash",
        "granularity": "country",
        "incident_id": "inc_f0c65510f125fc15",
        "is_incident_location": false,
        "location_name": "Uganda — collection-country fallback; incident place unresolved",
        "method": "collection_country_fallback",
        "sentiment_count": 0,
        "source_count": 1,
        "status": "reported",
        "title": "Uganda police say at least 14 people killed in collision between truck and taxi van",
        "uncertainty_radius_km": null
      },
      "type": "Feature"
    },
    {
      "geometry": {
        "coordinates": [
          32.2903,
          1.3733
        ],
        "type": "Point"
      },
      "id": "inc_c856691e152256da",
      "properties": {
        "confidence": 0.12,
        "event_start": "2025-10-22T02:42:00",
        "event_type": "road_crash",
        "granularity": "country",
        "incident_id": "inc_c856691e152256da",
        "is_incident_location": false,
        "location_name": "Uganda — collection-country fallback; incident place unresolved",
        "method": "collection_country_fallback",
        "sentiment_count": 0,
        "source_count": 1,
        "status": "reported",
        "title": "Uganda: Dozens killed in highway bus collision",
        "uncertainty_radius_km": null
      },
      "type": "Feature"
    },
    {
      "geometry": {
        "coordinates": [
          32.2903,
          1.3733
        ],
        "type": "Point"
      },
      "id": "inc_18be641a943046f2",
      "properties": {
        "confidence": 0.12,
        "event_start": "2025-10-22T01:50:00",
        "event_type": "road_crash",
        "granularity": "country",
        "incident_id": "inc_18be641a943046f2",
        "is_incident_location": false,
        "location_name": "Uganda — collection-country fallback; incident place unresolved",
        "method": "collection_country_fallback",
        "sentiment_count": 0,
        "source_count": 1,
        "status": "reported",
        "title": "'Head-on' Uganda bus collision kills 46, police revise toll down",
        "uncertainty_radius_km": null
      },
      "type": "Feature"
    },
    {
      "geometry": {
        "coordinates": [
          -98.5795,
          39.8283
        ],
        "type": "Point"
      },
      "id": "inc_6d040957f2751812",
      "properties": {
        "confidence": 0.13999999999999999,
        "event_start": "2026-08-11T10:29:30",
        "event_type": "road_crash",
        "granularity": "country",
        "incident_id": "inc_6d040957f2751812",
        "is_incident_location": false,
        "location_name": "United States — collection-country fallback; incident place unresolved",
        "method": "collection_country_fallback",
        "sentiment_count": 0,
        "source_count": 2,
        "status": "reported",
        "title": "2 kids dead, 1 hurt in Henrico car crash",
        "uncertainty_radius_km": null
      },
      "type": "Feature"
    },
    {
      "geometry": {
        "coordinates": [
          -98.5795,
          39.8283
        ],
        "type": "Point"
      },
      "id": "inc_23ffcc197e990d2a",
      "properties": {
        "confidence": 0.12,
        "event_start": "2026-07-24T07:00:00",
        "event_type": "road_crash",
        "granularity": "country",
        "incident_id": "inc_23ffcc197e990d2a",
        "is_incident_location": false,
        "location_name": "United States — collection-country fallback; incident place unresolved",
        "method": "collection_country_fallback",
        "sentiment_count": 0,
        "source_count": 1,
        "status": "reported",
        "title": "16-year-old girl dead, 5 other teens hurt after single-car crash on Columbus Boulevard in South Philadelphia",
        "uncertainty_radius_km": null
      },
      "type": "Feature"
    },
    {
      "geometry": {
        "coordinates": [
          -98.5795,
          39.8283
        ],
        "type": "Point"
      },
      "id": "inc_e710fb8b3fda7203",
      "properties": {
        "confidence": 0.12,
        "event_start": "2026-07-23T07:00:00",
        "event_type": "road_crash",
        "granularity": "country",
        "incident_id": "inc_e710fb8b3fda7203",
        "is_incident_location": false,
        "location_name": "United States — collection-country fallback; incident place unresolved",
        "method": "collection_country_fallback",
        "sentiment_count": 0,
        "source_count": 1,
        "status": "reported",
        "title": "1 killed in 6-car crash on Wake Forest Road in Raleigh",
        "uncertainty_radius_km": null
      },
      "type": "Feature"
    },
    {
      "geometry": {
        "coordinates": [
          -98.5795,
          39.8283
        ],
        "type": "Point"
      },
      "id": "inc_7644dd6b225651d0",
      "properties": {
        "confidence": 0.12,
        "event_start": "2026-08-08T20:22:18",
        "event_type": "road_crash",
        "granularity": "country",
        "incident_id": "inc_7644dd6b225651d0",
        "is_incident_location": false,
        "location_name": "United States — collection-country fallback; incident place unresolved",
        "method": "collection_country_fallback",
        "sentiment_count": 0,
        "source_count": 1,
        "status": "reported",
        "title": "1 dead, 2 injured after single-car crash in Merced County, CHP says",
        "uncertainty_radius_km": null
      },
      "type": "Feature"
    },
    {
      "geometry": {
        "coordinates": [
          -98.5795,
          39.8283
        ],
        "type": "Point"
      },
      "id": "inc_ab90f1ed6f159c33",
      "properties": {
        "confidence": 0.12,
        "event_start": "2026-08-08T20:04:23",
        "event_type": "road_crash",
        "granularity": "country",
        "incident_id": "inc_ab90f1ed6f159c33",
        "is_incident_location": false,
        "location_name": "United States — collection-country fallback; incident place unresolved",
        "method": "collection_country_fallback",
        "sentiment_count": 0,
        "source_count": 1,
        "status": "reported",
        "title": "2 killed, 2 hurt in violent multi-car crash in Inglewood intersection",
        "uncertainty_radius_km": null
      },
      "type": "Feature"
    },
    {
      "geometry": {
        "coordinates": [
          -98.5795,
          39.8283
        ],
        "type": "Point"
      },
      "id": "inc_f2be66076f89748f",
      "properties": {
        "confidence": 0.12,
        "event_start": "2026-07-31T07:00:00",
        "event_type": "road_crash",
        "granularity": "country",
        "incident_id": "inc_f2be66076f89748f",
        "is_incident_location": false,
        "location_name": "United States — collection-country fallback; incident place unresolved",
        "method": "collection_country_fallback",
        "sentiment_count": 0,
        "source_count": 1,
        "status": "reported",
        "title": "Chicago car crash: Person killed, 2 critically injured in crash involving wrong-way driver on I-94 near 55th Street, officials say",
        "uncertainty_radius_km": null
      },
      "type": "Feature"
    },
    {
      "geometry": {
        "coordinates": [
          -98.5795,
          39.8283
        ],
        "type": "Point"
      },
      "id": "inc_c3e5421b076c6921",
      "properties": {
        "confidence": 0.12,
        "event_start": "2026-08-08T18:21:55",
        "event_type": "road_crash",
        "granularity": "country",
        "incident_id": "inc_c3e5421b076c6921",
        "is_incident_location": false,
        "location_name": "United States — collection-country fallback; incident place unresolved",
        "method": "collection_country_fallback",
        "sentiment_count": 0,
        "source_count": 1,
        "status": "reported",
        "title": "Major Deegan Expressway 3-car crash leaves 2 injured in Mott Haven, Bronx",
        "uncertainty_radius_km": null
      },
      "type": "Feature"
    },
    {
      "geometry": {
        "coordinates": [
          -98.5795,
          39.8283
        ],
        "type": "Point"
      },
      "id": "inc_d812d1f0b2d79ea8",
      "properties": {
        "confidence": 0.12,
        "event_start": "2026-07-21T07:00:00",
        "event_type": "road_crash",
        "granularity": "country",
        "incident_id": "inc_d812d1f0b2d79ea8",
        "is_incident_location": false,
        "location_name": "United States — collection-country fallback; incident place unresolved",
        "method": "collection_country_fallback",
        "sentiment_count": 0,
        "source_count": 1,
        "status": "reported",
        "title": "‘Godzilla vs. Kong’ child star dead at 18 following Maryland car crash",
        "uncertainty_radius_km": null
      },
      "type": "Feature"
    },
    {
      "geometry": {
        "coordinates": [
          -98.5795,
          39.8283
        ],
        "type": "Point"
      },
      "id": "inc_ad3fdd49ff0d7fd4",
      "properties": {
        "confidence": 0.12,
        "event_start": "2026-07-28T07:00:00",
        "event_type": "road_crash",
        "granularity": "country",
        "incident_id": "inc_ad3fdd49ff0d7fd4",
        "is_incident_location": false,
        "location_name": "United States — collection-country fallback; incident place unresolved",
        "method": "collection_country_fallback",
        "sentiment_count": 0,
        "source_count": 1,
        "status": "reported",
        "title": "One person dead in violent car crash in Winnetka",
        "uncertainty_radius_km": null
      },
      "type": "Feature"
    },
    {
      "geometry": {
        "coordinates": [
          108.2772,
          14.0583
        ],
        "type": "Point"
      },
      "id": "inc_a4922f12daefacfd",
      "properties": {
        "confidence": 0.12,
        "event_start": "2025-07-25T04:32:00",
        "event_type": "road_crash",
        "granularity": "country",
        "incident_id": "inc_a4922f12daefacfd",
        "is_incident_location": false,
        "location_name": "Vietnam — collection-country fallback; incident place unresolved",
        "method": "collection_country_fallback",
        "sentiment_count": 0,
        "source_count": 1,
        "status": "reported",
        "title": "Nine people killed in bus crash in Vietnam",
        "uncertainty_radius_km": null
      },
      "type": "Feature"
    },
    {
      "geometry": {
        "coordinates": [
          108.2772,
          14.0583
        ],
        "type": "Point"
      },
      "id": "inc_245aab0e26d29a0a",
      "properties": {
        "confidence": 0.12,
        "event_start": "2025-07-25T13:17:00",
        "event_type": "road_crash",
        "granularity": "country",
        "incident_id": "inc_245aab0e26d29a0a",
        "is_incident_location": false,
        "location_name": "Vietnam — collection-country fallback; incident place unresolved",
        "method": "collection_country_fallback",
        "sentiment_count": 0,
        "source_count": 1,
        "status": "reported",
        "title": "10 killed as bus veers off road, overturns in Vietnam",
        "uncertainty_radius_km": null
      },
      "type": "Feature"
    },
    {
      "geometry": {
        "coordinates": [
          108.2772,
          14.0583
        ],
        "type": "Point"
      },
      "id": "inc_7d57b630fade0ee1",
      "properties": {
        "confidence": 0.12,
        "event_start": "2022-11-03T23:40:00",
        "event_type": "road_crash",
        "granularity": "country",
        "incident_id": "inc_7d57b630fade0ee1",
        "is_incident_location": false,
        "location_name": "Vietnam — collection-country fallback; incident place unresolved",
        "method": "collection_country_fallback",
        "sentiment_count": 0,
        "source_count": 1,
        "status": "reported",
        "title": "15 foreigners injured in road crash in northern Vietnam",
        "uncertainty_radius_km": null
      },
      "type": "Feature"
    },
    {
      "geometry": {
        "coordinates": [
          108.2772,
          14.0583
        ],
        "type": "Point"
      },
      "id": "inc_cf37c10c70da85af",
      "properties": {
        "confidence": 0.12,
        "event_start": "2026-07-30T20:30:00",
        "event_type": "road_crash",
        "granularity": "country",
        "incident_id": "inc_cf37c10c70da85af",
        "is_incident_location": false,
        "location_name": "Vietnam — collection-country fallback; incident place unresolved",
        "method": "collection_country_fallback",
        "sentiment_count": 0,
        "source_count": 1,
        "status": "reported",
        "title": "Nha Trang hotel staff probed for renting motorbike to drunk Russian, leading to fatal crash",
        "uncertainty_radius_km": null
      },
      "type": "Feature"
    },
    {
      "geometry": {
        "coordinates": [
          108.2772,
          14.0583
        ],
        "type": "Point"
      },
      "id": "inc_cf961972d2d7820d",
      "properties": {
        "confidence": 0.12,
        "event_start": "2023-06-11T16:05:00",
        "event_type": "road_crash",
        "granularity": "country",
        "incident_id": "inc_cf961972d2d7820d",
        "is_incident_location": false,
        "location_name": "Vietnam — collection-country fallback; incident place unresolved",
        "method": "collection_country_fallback",
        "sentiment_count": 0,
        "source_count": 1,
        "status": "reported",
        "title": "22 S. Korean nationals wounded in bus accident near Hanoi",
        "uncertainty_radius_km": null
      },
      "type": "Feature"
    },
    {
      "geometry": {
        "coordinates": [
          108.2772,
          14.0583
        ],
        "type": "Point"
      },
      "id": "inc_5b60aba75bbdb12e",
      "properties": {
        "confidence": 0.12,
        "event_start": "2026-04-08T08:10:00",
        "event_type": "road_crash",
        "granularity": "country",
        "incident_id": "inc_5b60aba75bbdb12e",
        "is_incident_location": false,
        "location_name": "Vietnam — collection-country fallback; incident place unresolved",
        "method": "collection_country_fallback",
        "sentiment_count": 0,
        "source_count": 1,
        "status": "reported",
        "title": "British teen dies after road trip accident in Vietnam; parents donate her organs to help save others",
        "uncertainty_radius_km": null
      },
      "type": "Feature"
    },
    {
      "geometry": {
        "coordinates": [
          108.2772,
          14.0583
        ],
        "type": "Point"
      },
      "id": "inc_64dc0bc32d6d37ee",
      "properties": {
        "confidence": 0.12,
        "event_start": "2026-05-28T09:29:00",
        "event_type": "road_crash",
        "granularity": "country",
        "incident_id": "inc_64dc0bc32d6d37ee",
        "is_incident_location": false,
        "location_name": "Vietnam — collection-country fallback; incident place unresolved",
        "method": "collection_country_fallback",
        "sentiment_count": 0,
        "source_count": 1,
        "status": "reported",
        "title": "Driver prosecuted in Vietnam's Ha Giang Loop crash that killed British teen",
        "uncertainty_radius_km": null
      },
      "type": "Feature"
    },
    {
      "geometry": {
        "coordinates": [
          108.2772,
          14.0583
        ],
        "type": "Point"
      },
      "id": "inc_3faca311aff4eccc",
      "properties": {
        "confidence": 0.12,
        "event_start": "2026-07-18T04:26:00",
        "event_type": "road_crash",
        "granularity": "country",
        "incident_id": "inc_3faca311aff4eccc",
        "is_incident_location": false,
        "location_name": "Vietnam — collection-country fallback; incident place unresolved",
        "method": "collection_country_fallback",
        "sentiment_count": 0,
        "source_count": 1,
        "status": "reported",
        "title": "Four killed as passenger bus crashes off expressway in Vietnam's capital",
        "uncertainty_radius_km": null
      },
      "type": "Feature"
    },
    {
      "geometry": {
        "coordinates": [
          108.2772,
          14.0583
        ],
        "type": "Point"
      },
      "id": "inc_89a295ec5ad7db54",
      "properties": {
        "confidence": 0.12,
        "event_start": "2025-09-13T17:00:00",
        "event_type": "road_crash",
        "granularity": "country",
        "incident_id": "inc_89a295ec5ad7db54",
        "is_incident_location": false,
        "location_name": "Vietnam — collection-country fallback; incident place unresolved",
        "method": "collection_country_fallback",
        "sentiment_count": 0,
        "source_count": 1,
        "status": "reported",
        "title": "Hanoi truck driver arrested for dragging schoolgirl to death after crash",
        "uncertainty_radius_km": null
      },
      "type": "Feature"
    },
    {
      "geometry": {
        "coordinates": [
          108.2772,
          14.0583
        ],
        "type": "Point"
      },
      "id": "inc_3350309c7be3aadb",
      "properties": {
        "confidence": 0.12,
        "event_start": "2026-04-21T00:00:00",
        "event_type": "road_crash",
        "granularity": "country",
        "incident_id": "inc_3350309c7be3aadb",
        "is_incident_location": false,
        "location_name": "Vietnam — collection-country fallback; incident place unresolved",
        "method": "collection_country_fallback",
        "sentiment_count": 0,
        "source_count": 1,
        "status": "reported",
        "title": "Three killed in traffic accident in Ha Noi",
        "uncertainty_radius_km": null
      },
      "type": "Feature"
    },
    {
      "geometry": {
        "coordinates": [
          22.9375,
          -30.5595
        ],
        "type": "Point"
      },
      "id": "inc_9aeb751843b8193f",
      "properties": {
        "confidence": 0.13999999999999999,
        "event_start": "2026-01-19T08:00:00",
        "event_type": "road_crash",
        "granularity": "country",
        "incident_id": "inc_9aeb751843b8193f",
        "is_incident_location": false,
        "location_name": "South Africa — collection-country fallback; incident place unresolved",
        "method": "collection_country_fallback",
        "sentiment_count": 0,
        "source_count": 2,
        "status": "reported",
        "title": "Deadly Vaal crash sparks scholar transport safety outcry",
        "uncertainty_radius_km": null
      },
      "type": "Feature"
    },
    {
      "geometry": {
        "coordinates": [
          22.9375,
          -30.5595
        ],
        "type": "Point"
      },
      "id": "inc_8beb7a64e2621160",
      "properties": {
        "confidence": 0.12,
        "event_start": "2026-05-13T07:00:00",
        "event_type": "road_crash",
        "granularity": "country",
        "incident_id": "inc_8beb7a64e2621160",
        "is_incident_location": false,
        "location_name": "South Africa — collection-country fallback; incident place unresolved",
        "method": "collection_country_fallback",
        "sentiment_count": 0,
        "source_count": 1,
        "status": "reported",
        "title": "Triple Tragedy As Woman And Baby Killed By Health Minister’s Vehicle After Husband Died In Earlier Crash",
        "uncertainty_radius_km": null
      },
      "type": "Feature"
    },
    {
      "geometry": {
        "coordinates": [
          22.9375,
          -30.5595
        ],
        "type": "Point"
      },
      "id": "inc_62396e2ee9127ede",
      "properties": {
        "confidence": 0.12,
        "event_start": "2025-10-13T07:00:00",
        "event_type": "road_crash",
        "granularity": "country",
        "incident_id": "inc_62396e2ee9127ede",
        "is_incident_location": false,
        "location_name": "South Africa — collection-country fallback; incident place unresolved",
        "method": "collection_country_fallback",
        "sentiment_count": 0,
        "source_count": 1,
        "status": "reported",
        "title": "Bus crash in South African mountains kills at least 42",
        "uncertainty_radius_km": null
      },
      "type": "Feature"
    },
    {
      "geometry": {
        "coordinates": [
          22.9375,
          -30.5595
        ],
        "type": "Point"
      },
      "id": "inc_b3bb90ef4fe0e1ec",
      "properties": {
        "confidence": 0.12,
        "event_start": "2025-10-13T07:00:00",
        "event_type": "road_crash",
        "granularity": "country",
        "incident_id": "inc_b3bb90ef4fe0e1ec",
        "is_incident_location": false,
        "location_name": "South Africa — collection-country fallback; incident place unresolved",
        "method": "collection_country_fallback",
        "sentiment_count": 0,
        "source_count": 1,
        "status": "reported",
        "title": "N1 crash: Forty-two Zimbabweans and Malawians killed after bus veers off road in South Africa",
        "uncertainty_radius_km": null
      },
      "type": "Feature"
    },
    {
      "geometry": {
        "coordinates": [
          22.9375,
          -30.5595
        ],
        "type": "Point"
      },
      "id": "inc_e7a066a6af6be556",
      "properties": {
        "confidence": 0.12,
        "event_start": "2026-01-20T08:00:00",
        "event_type": "road_crash",
        "granularity": "country",
        "incident_id": "inc_e7a066a6af6be556",
        "is_incident_location": false,
        "location_name": "South Africa — collection-country fallback; incident place unresolved",
        "method": "collection_country_fallback",
        "sentiment_count": 0,
        "source_count": 1,
        "status": "reported",
        "title": "South Africa's Vanderbijlpark crash: Twelve pupils die after minibus collides with lorry",
        "uncertainty_radius_km": null
      },
      "type": "Feature"
    },
    {
      "geometry": {
        "coordinates": [
          22.9375,
          -30.5595
        ],
        "type": "Point"
      },
      "id": "inc_c12282000920ae11",
      "properties": {
        "confidence": 0.12,
        "event_start": "2025-12-09T08:00:00",
        "event_type": "road_crash",
        "granularity": "country",
        "incident_id": "inc_c12282000920ae11",
        "is_incident_location": false,
        "location_name": "South Africa — collection-country fallback; incident place unresolved",
        "method": "collection_country_fallback",
        "sentiment_count": 0,
        "source_count": 1,
        "status": "reported",
        "title": "South Africa: Seven killed in N12 crash involving Mozambican Toyota sedan and Nissan bakkie near Ogies, Mpumalanga",
        "uncertainty_radius_km": null
      },
      "type": "Feature"
    },
    {
      "geometry": {
        "coordinates": [
          22.9375,
          -30.5595
        ],
        "type": "Point"
      },
      "id": "inc_e5ec4d626084010c",
      "properties": {
        "confidence": 0.12,
        "event_start": "2026-07-19T07:00:00",
        "event_type": "road_crash",
        "granularity": "country",
        "incident_id": "inc_e5ec4d626084010c",
        "is_incident_location": false,
        "location_name": "South Africa — collection-country fallback; incident place unresolved",
        "method": "collection_country_fallback",
        "sentiment_count": 0,
        "source_count": 1,
        "status": "reported",
        "title": "More than a dozen dead in multiple car crashes",
        "uncertainty_radius_km": null
      },
      "type": "Feature"
    },
    {
      "geometry": {
        "coordinates": [
          22.9375,
          -30.5595
        ],
        "type": "Point"
      },
      "id": "inc_6137d2fdffbb7ba5",
      "properties": {
        "confidence": 0.12,
        "event_start": "2026-04-06T07:00:00",
        "event_type": "road_crash",
        "granularity": "country",
        "incident_id": "inc_6137d2fdffbb7ba5",
        "is_incident_location": false,
        "location_name": "South Africa — collection-country fallback; incident place unresolved",
        "method": "collection_country_fallback",
        "sentiment_count": 0,
        "source_count": 1,
        "status": "reported",
        "title": "7 killed in road accident in South Africa's Eastern Cape",
        "uncertainty_radius_km": null
      },
      "type": "Feature"
    },
    {
      "geometry": {
        "coordinates": [
          22.9375,
          -30.5595
        ],
        "type": "Point"
      },
      "id": "inc_8ef96c98eaeb0948",
      "properties": {
        "confidence": 0.12,
        "event_start": "2026-05-06T07:00:00",
        "event_type": "road_crash",
        "granularity": "country",
        "incident_id": "inc_8ef96c98eaeb0948",
        "is_incident_location": false,
        "location_name": "South Africa — collection-country fallback; incident place unresolved",
        "method": "collection_country_fallback",
        "sentiment_count": 0,
        "source_count": 1,
        "status": "reported",
        "title": "12 killed in 2 crashes within 12 hours in South Africa's Eastern Cape",
        "uncertainty_radius_km": null
      },
      "type": "Feature"
    }
  ],
  "type": "FeatureCollection"
}
